Year,2020/21
Camden 001A,52
Camden 001B,63
Camden 001C,28
Camden 001D,76
Camden 001E,5
Camden 002A,17
Camden 002B,..
Camden 002C,23
Camden 002D,7
Camden 002E,8
Camden 003A,7
Camden 003B,53
Camden 003C,41
Camden 003D,21
Camden 003E,57
Camden 004A,29
Camden 004B,6
Camden 004C,..
Camden 004D,12
Camden 004E,10
Camden 005A,39
Camden 005B,32
Camden 005C,13
Camden 005D,11
Camden 005E,23
Camden 006A,12
Camden 006B,13
Camden 006C,57
Camden 006D,86
Camden 006E,36
Camden 007A,114
Camden 007B,117
Camden 007C,110
Camden 007D,154
Camden 007E,65
Camden 007F,34
Camden 008A,38
Camden 008B,7
Camden 008C,11
Camden 008D,5
Camden 008E,25
Camden 009A,59
Camden 009B,55
Camden 009C,43
Camden 009D,114
Camden 009E,73
Camden 010A,5
Camden 010B,13
Camden 010C,12
Camden 010D,65
Camden 010E,76
Camden 011A,..
Camden 011B,14
Camden 011C,5
Camden 011D,10
Camden 012A,83
Camden 012B,93
Camden 012C,132
Camden 012D,157
Camden 012E,15
Camden 013A,22
Camden 013B,98
Camden 013C,123
Camden 013D,41
Camden 013E,49
Camden 014A,7
Camden 014B,24
Camden 014C,93
Camden 014D,89
Camden 015A,27
Camden 015B,11
Camden 015C,104
Camden 015D,164
Camden 015E,81
Camden 016A,16
Camden 016B,43
Camden 016C,45
Camden 016D,..
Camden 016E,15
Camden 017A,44
Camden 017B,96
Camden 017C,35
Camden 017D,17
Camden 018A,38
Camden 018B,99
Camden 018C,33
Camden 018D,7
Camden 018E,5
Camden 019A,98
Camden 019B,32
Camden 019C,60
Camden 019D,149
Camden 019E,113
Camden 020A,104
Camden 020B,104
Camden 020C,39
Camden 020D,107
Camden 020E,110
Camden 021A,26
Camden 021B,73
Camden 021C,54
Camden 021D,52
Camden 022A,122
Camden 022B,195
Camden 022C,188
Camden 022D,115
Camden 022E,133
Camden 023A,99
Camden 023B,54
Camden 023C,90
Camden 023D,136
Camden 023E,147
Camden 024A,62
Camden 024B,54
Camden 024C,82
Camden 024D,38
Camden 025A,39
Camden 025B,28
Camden 025C,86
Camden 025D,23
Camden 025E,8
Camden 026A,5
Camden 026B,6
Camden 026C,9
Camden 026D,71
Camden 027A,129
Camden 027B,55
Camden 027C,88
Camden 027D,41
Camden 028A,7
Camden 028B,46
Camden 028C,60
Camden 028D,49
City of London 001A,..
City of London 001B,..
City of London 001C,5
City of London 001E,36
City of London 001F,13
City of London 001G,6
Hackney 001A,136
Hackney 001B,114
Hackney 001C,82
Hackney 001D,142
Hackney 001E,142
Hackney 002A,86
Hackney 002D,210
Hackney 002E,165
Hackney 002F,186
Hackney 003A,84
Hackney 003B,105
Hackney 003C,118
Hackney 003D,116
Hackney 003E,93
Hackney 004A,142
Hackney 004B,122
Hackney 004C,94
Hackney 004D,125
Hackney 004E,138
Hackney 006A,88
Hackney 006B,79
Hackney 006C,128
Hackney 006D,63
Hackney 006E,60
Hackney 007A,13
Hackney 007B,75
Hackney 007C,40
Hackney 007D,23
Hackney 007E,64
Hackney 007F,14
Hackney 008A,62
Hackney 008B,113
Hackney 008C,59
Hackney 008D,69
Hackney 009A,20
Hackney 009B,40
Hackney 009C,35
Hackney 009D,47
Hackney 009E,53
Hackney 010A,119
Hackney 010B,134
Hackney 010D,75
Hackney 010E,111
Hackney 010F,64
Hackney 010G,62
Hackney 011A,86
Hackney 011B,60
Hackney 011C,51
Hackney 011D,51
Hackney 011E,44
Hackney 012A,32
Hackney 012B,44
Hackney 012C,39
Hackney 012D,39
Hackney 013A,172
Hackney 013B,100
Hackney 013C,112
Hackney 013D,106
Hackney 014A,76
Hackney 014B,133
Hackney 014C,64
Hackney 014D,85
Hackney 014E,58
Hackney 014F,9
Hackney 015A,42
Hackney 015B,38
Hackney 015C,54
Hackney 015D,101
Hackney 016A,135
Hackney 016B,174
Hackney 016C,136
Hackney 016D,124
Hackney 016E,104
Hackney 016F,91
Hackney 017A,135
Hackney 017B,49
Hackney 017C,76
Hackney 017D,56
Hackney 018A,64
Hackney 018B,84
Hackney 018C,119
Hackney 018D,111
Hackney 019A,151
Hackney 019B,191
Hackney 019C,181
Hackney 019D,68
Hackney 019E,190
Hackney 019F,156
Hackney 020A,90
Hackney 020B,49
Hackney 020C,77
Hackney 020D,44
Hackney 020E,57
Hackney 021B,82
Hackney 021C,65
Hackney 021D,10
Hackney 021E,35
Hackney 021F,47
Hackney 021G,42
Hackney 021H,53
Hackney 021I,37
Hackney 022A,89
Hackney 022B,131
Hackney 022C,60
Hackney 022D,85
Hackney 022E,113
Hackney 023B,32
Hackney 023C,87
Hackney 023D,75
Hackney 023E,53
Hackney 023F,41
Hackney 023G,58
Hackney 024A,106
Hackney 024B,136
Hackney 024C,104
Hackney 024D,113
Hackney 024E,83
Hackney 024F,106
Hackney 025A,124
Hackney 025B,146
Hackney 025C,140
Hackney 025D,143
Hackney 025E,123
Hackney 025F,94
Hackney 026A,140
Hackney 026B,110
Hackney 026C,87
Hackney 026D,108
Hackney 027B,117
Hackney 027D,117
Hackney 027E,138
Hackney 027F,41
Hackney 027G,7
Hackney 027H,57
Hackney 027I,32
Hackney 028A,129
Hackney 028B,144
Hackney 028C,117
Hackney 028D,104
Hackney 028E,54
Hackney 029A,130
Hackney 029B,106
Hackney 029C,155
Hackney 029D,162
Hammersmith and Fulham 001A,46
Hammersmith and Fulham 001B,112
Hammersmith and Fulham 001C,63
Hammersmith and Fulham 001D,57
Hammersmith and Fulham 001E,89
Hammersmith and Fulham 002A,109
Hammersmith and Fulham 002B,159
Hammersmith and Fulham 002C,146
Hammersmith and Fulham 002D,145
Hammersmith and Fulham 003A,38
Hammersmith and Fulham 003B,49
Hammersmith and Fulham 003C,85
Hammersmith and Fulham 003D,52
Hammersmith and Fulham 004A,69
Hammersmith and Fulham 004B,131
Hammersmith and Fulham 004C,45
Hammersmith and Fulham 004D,45
Hammersmith and Fulham 005A,55
Hammersmith and Fulham 005B,52
Hammersmith and Fulham 005C,11
Hammersmith and Fulham 005D,49
Hammersmith and Fulham 006A,43
Hammersmith and Fulham 006B,65
Hammersmith and Fulham 006C,52
Hammersmith and Fulham 006D,23
Hammersmith and Fulham 006E,26
Hammersmith and Fulham 007A,13
Hammersmith and Fulham 007B,12
Hammersmith and Fulham 007C,50
Hammersmith and Fulham 007D,93
Hammersmith and Fulham 008A,93
Hammersmith and Fulham 008B,13
Hammersmith and Fulham 008C,13
Hammersmith and Fulham 008D,36
Hammersmith and Fulham 009A,40
Hammersmith and Fulham 009B,28
Hammersmith and Fulham 009C,11
Hammersmith and Fulham 009D,6
Hammersmith and Fulham 010A,16
Hammersmith and Fulham 010B,15
Hammersmith and Fulham 010C,30
Hammersmith and Fulham 010D,6
Hammersmith and Fulham 010E,34
Hammersmith and Fulham 011A,24
Hammersmith and Fulham 011B,19
Hammersmith and Fulham 011C,30
Hammersmith and Fulham 011D,20
Hammersmith and Fulham 012A,25
Hammersmith and Fulham 012B,8
Hammersmith and Fulham 012C,40
Hammersmith and Fulham 012D,20
Hammersmith and Fulham 012E,19
Hammersmith and Fulham 012F,22
Hammersmith and Fulham 013A,48
Hammersmith and Fulham 013B,43
Hammersmith and Fulham 013C,32
Hammersmith and Fulham 013D,61
Hammersmith and Fulham 013E,53
Hammersmith and Fulham 014A,33
Hammersmith and Fulham 014B,21
Hammersmith and Fulham 014C,..
Hammersmith and Fulham 014D,18
Hammersmith and Fulham 015A,116
Hammersmith and Fulham 015B,12
Hammersmith and Fulham 015C,45
Hammersmith and Fulham 015D,95
Hammersmith and Fulham 015E,115
Hammersmith and Fulham 016A,29
Hammersmith and Fulham 016B,31
Hammersmith and Fulham 016C,18
Hammersmith and Fulham 016D,46
Hammersmith and Fulham 017A,38
Hammersmith and Fulham 017B,11
Hammersmith and Fulham 017C,17
Hammersmith and Fulham 017D,22
Hammersmith and Fulham 017E,15
Hammersmith and Fulham 018A,11
Hammersmith and Fulham 018B,9
Hammersmith and Fulham 018C,11
Hammersmith and Fulham 018D,13
Hammersmith and Fulham 018E,8
Hammersmith and Fulham 019A,26
Hammersmith and Fulham 019B,7
Hammersmith and Fulham 019C,25
Hammersmith and Fulham 019D,26
Hammersmith and Fulham 020A,27
Hammersmith and Fulham 020B,20
Hammersmith and Fulham 020C,15
Hammersmith and Fulham 020D,28
Hammersmith and Fulham 020E,9
Hammersmith and Fulham 021A,113
Hammersmith and Fulham 021B,30
Hammersmith and Fulham 021C,8
Hammersmith and Fulham 021D,6
Hammersmith and Fulham 021E,28
Hammersmith and Fulham 021F,49
Hammersmith and Fulham 022A,13
Hammersmith and Fulham 022B,14
Hammersmith and Fulham 022C,20
Hammersmith and Fulham 022D,14
Hammersmith and Fulham 023A,48
Hammersmith and Fulham 023C,83
Hammersmith and Fulham 023D,47
Hammersmith and Fulham 023E,31
Hammersmith and Fulham 023F,23
Hammersmith and Fulham 024A,11
Hammersmith and Fulham 024B,7
Hammersmith and Fulham 024C,9
Hammersmith and Fulham 024D,17
Hammersmith and Fulham 025A,5
Hammersmith and Fulham 025B,61
Hammersmith and Fulham 025C,14
Hammersmith and Fulham 025D,94
Haringey 001A,72
Haringey 001B,121
Haringey 001C,50
Haringey 001D,40
Haringey 002A,157
Haringey 002B,108
Haringey 002C,138
Haringey 002D,130
Haringey 004A,43
Haringey 004B,103
Haringey 004C,50
Haringey 004D,80
Haringey 005A,104
Haringey 005B,143
Haringey 005C,140
Haringey 005D,146
Haringey 006A,106
Haringey 006B,66
Haringey 006C,72
Haringey 006D,114
Haringey 007A,47
Haringey 007B,54
Haringey 007C,82
Haringey 007D,74
Haringey 008A,126
Haringey 008B,81
Haringey 008C,82
Haringey 008D,59
Haringey 009A,24
Haringey 009B,25
Haringey 009C,25
Haringey 009D,11
Haringey 010A,41
Haringey 010B,65
Haringey 010C,115
Haringey 010D,92
Haringey 011A,84
Haringey 011B,69
Haringey 011C,109
Haringey 011D,119
Haringey 012A,80
Haringey 012B,156
Haringey 012C,118
Haringey 012D,121
Haringey 013A,84
Haringey 013B,66
Haringey 013C,69
Haringey 013D,126
Haringey 014A,6
Haringey 014B,13
Haringey 014C,15
Haringey 014D,20
Haringey 015A,94
Haringey 015B,101
Haringey 015C,81
Haringey 015D,188
Haringey 016A,112
Haringey 016B,110
Haringey 016C,36
Haringey 016D,73
Haringey 017A,16
Haringey 017B,9
Haringey 017C,5
Haringey 017D,136
Haringey 018A,67
Haringey 018B,66
Haringey 018C,76
Haringey 018D,63
Haringey 019A,24
Haringey 019B,76
Haringey 019C,101
Haringey 019D,58
Haringey 020B,45
Haringey 020C,50
Haringey 020D,45
Haringey 020E,52
Haringey 020F,64
Haringey 021A,20
Haringey 021B,22
Haringey 021C,23
Haringey 021D,7
Haringey 022A,15
Haringey 022B,17
Haringey 022C,..
Haringey 022D,10
Haringey 023A,38
Haringey 023B,57
Haringey 023C,129
Haringey 023D,36
Haringey 024A,72
Haringey 024B,92
Haringey 024C,92
Haringey 024D,88
Haringey 025A,148
Haringey 025B,94
Haringey 025C,114
Haringey 025D,94
Haringey 026A,80
Haringey 026B,104
Haringey 026C,73
Haringey 026D,109
Haringey 027A,27
Haringey 027B,28
Haringey 027C,26
Haringey 027D,77
Haringey 028A,37
Haringey 028B,34
Haringey 028C,32
Haringey 028D,41
Haringey 029A,145
Haringey 029B,78
Haringey 029C,146
Haringey 029D,114
Haringey 030A,15
Haringey 030B,7
Haringey 030C,20
Haringey 030D,21
Haringey 031A,35
Haringey 031B,20
Haringey 031C,44
Haringey 031D,51
Haringey 032A,94
Haringey 032B,150
Haringey 032C,78
Haringey 032D,47
Haringey 033A,20
Haringey 033B,23
Haringey 033C,10
Haringey 033D,32
Haringey 034A,18
Haringey 034B,17
Haringey 034C,16
Haringey 034D,24
Haringey 035A,15
Haringey 035B,14
Haringey 035C,5
Haringey 035D,5
Haringey 036A,15
Haringey 036B,39
Haringey 036C,60
Haringey 036D,30
Haringey 037A,210
Haringey 037B,132
Haringey 037C,120
Haringey 037D,200
Islington 001A,67
Islington 001B,29
Islington 001C,101
Islington 001D,53
Islington 001E,66
Islington 001F,70
Islington 002A,63
Islington 002B,39
Islington 002C,61
Islington 002D,24
Islington 002E,96
Islington 002F,62
Islington 003A,67
Islington 003B,32
Islington 003C,62
Islington 003D,42
Islington 003E,33
Islington 003F,62
Islington 004A,49
Islington 004B,35
Islington 004C,34
Islington 004D,64
Islington 004E,38
Islington 005A,57
Islington 005B,174
Islington 005C,105
Islington 005D,131
Islington 005E,162
Islington 006A,36
Islington 006B,24
Islington 006C,86
Islington 006D,49
Islington 006F,9
Islington 006G,28
Islington 007A,28
Islington 007B,98
Islington 007C,13
Islington 007D,44
Islington 008A,16
Islington 008B,14
Islington 008C,12
Islington 008D,28
Islington 009A,30
Islington 009B,78
Islington 009C,34
Islington 009D,29
Islington 009E,65
Islington 010A,60
Islington 010B,54
Islington 010C,82
Islington 010D,70
Islington 010E,68
Islington 011C,22
Islington 011D,109
Islington 011E,31
Islington 011F,31
Islington 011G,39
Islington 011H,63
Islington 011I,99
Islington 012A,66
Islington 012B,131
Islington 012C,48
Islington 012D,66
Islington 012E,106
Islington 013A,21
Islington 013B,16
Islington 013C,12
Islington 013D,80
Islington 013E,41
Islington 014A,126
Islington 014B,12
Islington 014C,20
Islington 014D,17
Islington 014E,78
Islington 014F,34
Islington 015A,66
Islington 015B,18
Islington 015C,81
Islington 015D,124
Islington 015E,102
Islington 016A,24
Islington 016B,28
Islington 016C,175
Islington 016D,43
Islington 016E,21
Islington 016F,77
Islington 017A,32
Islington 017B,31
Islington 017C,8
Islington 017D,10
Islington 017E,30
Islington 018A,55
Islington 018B,56
Islington 018C,67
Islington 018D,95
Islington 018E,52
Islington 019A,118
Islington 019B,63
Islington 019C,89
Islington 019D,56
Islington 019E,137
Islington 020A,32
Islington 020B,19
Islington 020C,14
Islington 020D,59
Islington 020E,82
Islington 021A,37
Islington 021B,77
Islington 021C,35
Islington 021D,43
Islington 021E,34
Islington 022B,39
Islington 022C,62
Islington 022D,25
Islington 022E,77
Islington 022F,52
Islington 022G,16
Islington 022H,43
Islington 023A,73
Islington 023B,112
Islington 023C,83
Islington 023D,71
Islington 023E,54
Kensington and Chelsea 001A,88
Kensington and Chelsea 001B,64
Kensington and Chelsea 001C,59
Kensington and Chelsea 001D,82
Kensington and Chelsea 001E,59
Kensington and Chelsea 002A,77
Kensington and Chelsea 002B,57
Kensington and Chelsea 002C,51
Kensington and Chelsea 002D,52
Kensington and Chelsea 003A,17
Kensington and Chelsea 003B,69
Kensington and Chelsea 003C,33
Kensington and Chelsea 003D,34
Kensington and Chelsea 003E,40
Kensington and Chelsea 004A,36
Kensington and Chelsea 004B,46
Kensington and Chelsea 004C,38
Kensington and Chelsea 004D,44
Kensington and Chelsea 004E,28
Kensington and Chelsea 005A,39
Kensington and Chelsea 005B,30
Kensington and Chelsea 005C,85
Kensington and Chelsea 005D,76
Kensington and Chelsea 005E,61
Kensington and Chelsea 006A,15
Kensington and Chelsea 006B,6
Kensington and Chelsea 006C,10
Kensington and Chelsea 006D,13
Kensington and Chelsea 006E,6
Kensington and Chelsea 007A,6
Kensington and Chelsea 007B,5
Kensington and Chelsea 007C,11
Kensington and Chelsea 007D,12
Kensington and Chelsea 007E,..
Kensington and Chelsea 008A,5
Kensington and Chelsea 008B,6
Kensington and Chelsea 008C,10
Kensington and Chelsea 008D,6
Kensington and Chelsea 008E,..
Kensington and Chelsea 009A,7
Kensington and Chelsea 009B,19
Kensington and Chelsea 009C,31
Kensington and Chelsea 009D,6
Kensington and Chelsea 009E,10
Kensington and Chelsea 010A,5
Kensington and Chelsea 010B,7
Kensington and Chelsea 010C,..
Kensington and Chelsea 010D,9
Kensington and Chelsea 010E,18
Kensington and Chelsea 011A,..
Kensington and Chelsea 011B,12
Kensington and Chelsea 011C,..
Kensington and Chelsea 011D,8
Kensington and Chelsea 011E,10
Kensington and Chelsea 012A,12
Kensington and Chelsea 012B,5
Kensington and Chelsea 012C,5
Kensington and Chelsea 012D,..
Kensington and Chelsea 012E,..
Kensington and Chelsea 013A,8
Kensington and Chelsea 013B,7
Kensington and Chelsea 013C,12
Kensington and Chelsea 013D,7
Kensington and Chelsea 013E,..
Kensington and Chelsea 014A,8
Kensington and Chelsea 014B,38
Kensington and Chelsea 014C,49
Kensington and Chelsea 014D,14
Kensington and Chelsea 014E,7
Kensington and Chelsea 015A,61
Kensington and Chelsea 015B,13
Kensington and Chelsea 015C,11
Kensington and Chelsea 015D,20
Kensington and Chelsea 016A,..
Kensington and Chelsea 016B,..
Kensington and Chelsea 016C,9
Kensington and Chelsea 016D,7
Kensington and Chelsea 016E,..
Kensington and Chelsea 017A,8
Kensington and Chelsea 017B,9
Kensington and Chelsea 017C,19
Kensington and Chelsea 017D,..
Kensington and Chelsea 017E,..
Kensington and Chelsea 018A,39
Kensington and Chelsea 018B,5
Kensington and Chelsea 018C,..
Kensington and Chelsea 018D,..
Kensington and Chelsea 018E,5
Kensington and Chelsea 019A,11
Kensington and Chelsea 019B,25
Kensington and Chelsea 019C,9
Kensington and Chelsea 019D,11
Kensington and Chelsea 019E,12
Kensington and Chelsea 020A,6
Kensington and Chelsea 020B,..
Kensington and Chelsea 020C,7
Kensington and Chelsea 020D,20
Kensington and Chelsea 020E,5
Kensington and Chelsea 021A,39
Kensington and Chelsea 021B,24
Kensington and Chelsea 021C,46
Kensington and Chelsea 021D,29
Kensington and Chelsea 021E,25
Lambeth 002A,91
Lambeth 002B,84
Lambeth 002C,50
Lambeth 002D,88
Lambeth 002E,100
Lambeth 003A,56
Lambeth 003B,70
Lambeth 003C,133
Lambeth 003D,25
Lambeth 003E,115
Lambeth 004A,28
Lambeth 004C,44
Lambeth 004D,73
Lambeth 004E,46
Lambeth 004F,62
Lambeth 004G,19
Lambeth 005A,49
Lambeth 005B,85
Lambeth 005C,23
Lambeth 005D,64
Lambeth 005E,83
Lambeth 006A,72
Lambeth 006B,90
Lambeth 006C,30
Lambeth 006D,68
Lambeth 006E,129
Lambeth 007A,42
Lambeth 007B,82
Lambeth 007C,65
Lambeth 007D,57
Lambeth 007E,97
Lambeth 008A,110
Lambeth 008B,102
Lambeth 008C,112
Lambeth 008D,96
Lambeth 008E,95
Lambeth 009A,112
Lambeth 009B,153
Lambeth 009C,101
Lambeth 009D,89
Lambeth 009E,60
Lambeth 010A,106
Lambeth 010B,120
Lambeth 010C,26
Lambeth 010D,24
Lambeth 010E,69
Lambeth 011A,111
Lambeth 011B,102
Lambeth 011C,77
Lambeth 011D,67
Lambeth 011E,79
Lambeth 011F,33
Lambeth 012A,59
Lambeth 012B,25
Lambeth 012C,19
Lambeth 012D,37
Lambeth 012E,24
Lambeth 013A,70
Lambeth 013B,10
Lambeth 013C,24
Lambeth 013D,18
Lambeth 013E,14
Lambeth 014A,29
Lambeth 014B,58
Lambeth 014C,61
Lambeth 014D,50
Lambeth 014E,18
Lambeth 015A,28
Lambeth 015B,15
Lambeth 015C,36
Lambeth 015D,29
Lambeth 015E,49
Lambeth 016A,71
Lambeth 016B,39
Lambeth 016C,117
Lambeth 016D,43
Lambeth 016E,134
Lambeth 017A,31
Lambeth 017B,80
Lambeth 017C,52
Lambeth 017D,96
Lambeth 018A,40
Lambeth 018B,56
Lambeth 018C,91
Lambeth 018D,38
Lambeth 018E,41
Lambeth 019A,8
Lambeth 019B,8
Lambeth 019C,19
Lambeth 019D,15
Lambeth 019E,18
Lambeth 020A,26
Lambeth 020B,38
Lambeth 020C,16
Lambeth 020D,68
Lambeth 020E,27
Lambeth 021A,45
Lambeth 021B,28
Lambeth 021C,77
Lambeth 021D,102
Lambeth 021E,56
Lambeth 022A,46
Lambeth 022B,80
Lambeth 022C,54
Lambeth 022D,76
Lambeth 022E,114
Lambeth 023A,68
Lambeth 023B,42
Lambeth 023C,34
Lambeth 023D,23
Lambeth 023E,40
Lambeth 023F,33
Lambeth 024A,67
Lambeth 024B,103
Lambeth 024C,111
Lambeth 024D,101
Lambeth 024E,148
Lambeth 025A,86
Lambeth 025B,51
Lambeth 025C,93
Lambeth 025D,73
Lambeth 025E,29
Lambeth 026A,40
Lambeth 026B,42
Lambeth 026C,79
Lambeth 026D,13
Lambeth 026E,156
Lambeth 027A,70
Lambeth 027B,46
Lambeth 027C,52
Lambeth 027D,49
Lambeth 027E,48
Lambeth 028A,33
Lambeth 028B,87
Lambeth 028C,59
Lambeth 028D,65
Lambeth 028E,28
Lambeth 029A,44
Lambeth 029B,41
Lambeth 029C,64
Lambeth 029D,13
Lambeth 029E,29
Lambeth 030A,44
Lambeth 030B,41
Lambeth 030C,39
Lambeth 030D,23
Lambeth 030E,80
Lambeth 031A,100
Lambeth 031B,72
Lambeth 031C,67
Lambeth 031D,111
Lambeth 031E,111
Lambeth 032A,74
Lambeth 032B,49
Lambeth 032C,68
Lambeth 032D,56
Lambeth 032E,44
Lambeth 032F,96
Lambeth 033A,38
Lambeth 033B,90
Lambeth 033C,21
Lambeth 033D,55
Lambeth 033E,96
Lambeth 034A,43
Lambeth 034B,62
Lambeth 034C,22
Lambeth 034D,47
Lambeth 034E,61
Lambeth 035A,36
Lambeth 035B,54
Lambeth 035C,53
Lambeth 035D,49
Lambeth 035E,47
Lambeth 036A,18
Lambeth 036B,37
Lambeth 036C,17
Lambeth 036D,37
Lambeth 036E,116
Lewisham 001A,164
Lewisham 001B,130
Lewisham 001C,49
Lewisham 001D,95
Lewisham 001E,113
Lewisham 002A,110
Lewisham 002B,90
Lewisham 002C,136
Lewisham 002D,135
Lewisham 002E,66
Lewisham 003A,39
Lewisham 003B,73
Lewisham 003C,72
Lewisham 003D,96
Lewisham 003E,139
Lewisham 005A,121
Lewisham 005B,66
Lewisham 005C,32
Lewisham 005D,45
Lewisham 005E,47
Lewisham 006A,118
Lewisham 006B,81
Lewisham 006C,29
Lewisham 006D,14
Lewisham 006E,50
Lewisham 007A,33
Lewisham 007B,63
Lewisham 007C,72
Lewisham 007D,41
Lewisham 007E,30
Lewisham 008B,44
Lewisham 008C,46
Lewisham 008D,76
Lewisham 008E,82
Lewisham 008F,16
Lewisham 009A,34
Lewisham 009B,10
Lewisham 009C,21
Lewisham 009D,77
Lewisham 010A,95
Lewisham 010B,102
Lewisham 010C,39
Lewisham 010D,57
Lewisham 010E,66
Lewisham 011A,48
Lewisham 011B,34
Lewisham 011C,87
Lewisham 011D,31
Lewisham 012A,103
Lewisham 012C,88
Lewisham 012D,99
Lewisham 012E,155
Lewisham 012F,34
Lewisham 012G,92
Lewisham 013A,46
Lewisham 013B,29
Lewisham 013C,62
Lewisham 013D,96
Lewisham 014A,46
Lewisham 014B,46
Lewisham 014C,69
Lewisham 014D,44
Lewisham 015A,21
Lewisham 015B,31
Lewisham 015C,32
Lewisham 015D,57
Lewisham 016A,67
Lewisham 016B,19
Lewisham 016C,36
Lewisham 016D,37
Lewisham 017A,35
Lewisham 017B,40
Lewisham 017D,67
Lewisham 017E,51
Lewisham 017F,30
Lewisham 018A,57
Lewisham 018B,75
Lewisham 018C,45
Lewisham 018D,79
Lewisham 019A,36
Lewisham 019B,34
Lewisham 019C,17
Lewisham 019D,76
Lewisham 019E,48
Lewisham 020A,70
Lewisham 020B,131
Lewisham 020C,49
Lewisham 020D,47
Lewisham 020E,24
Lewisham 021A,31
Lewisham 021B,44
Lewisham 021C,44
Lewisham 021D,30
Lewisham 021E,53
Lewisham 022A,44
Lewisham 022B,47
Lewisham 022C,42
Lewisham 022D,23
Lewisham 022E,56
Lewisham 023A,60
Lewisham 023B,66
Lewisham 023C,61
Lewisham 023D,43
Lewisham 023E,27
Lewisham 024A,39
Lewisham 024B,42
Lewisham 024C,35
Lewisham 024D,38
Lewisham 024E,37
Lewisham 025A,16
Lewisham 025B,51
Lewisham 025C,67
Lewisham 025D,48
Lewisham 026A,94
Lewisham 026B,99
Lewisham 026C,110
Lewisham 026D,54
Lewisham 027A,99
Lewisham 027B,60
Lewisham 027C,41
Lewisham 027D,36
Lewisham 027E,126
Lewisham 028A,103
Lewisham 028B,62
Lewisham 028C,111
Lewisham 028D,31
Lewisham 029A,50
Lewisham 029B,87
Lewisham 029C,46
Lewisham 029D,103
Lewisham 029E,97
Lewisham 030A,171
Lewisham 030B,96
Lewisham 030C,58
Lewisham 030D,122
Lewisham 030E,84
Lewisham 031A,51
Lewisham 031B,86
Lewisham 031C,88
Lewisham 031D,102
Lewisham 033A,48
Lewisham 033B,88
Lewisham 033C,73
Lewisham 033D,74
Lewisham 033E,56
Lewisham 034A,88
Lewisham 034B,137
Lewisham 034C,90
Lewisham 034D,121
Lewisham 035A,58
Lewisham 035B,42
Lewisham 035C,49
Lewisham 035D,60
Lewisham 035E,87
Lewisham 037A,126
Lewisham 037B,119
Lewisham 037C,105
Lewisham 037D,97
Lewisham 037E,99
Lewisham 038A,54
Lewisham 038B,109
Lewisham 038C,48
Lewisham 038D,76
Lewisham 038E,77
Lewisham 039A,80
Lewisham 039B,76
Lewisham 039C,66
Lewisham 039D,91
Lewisham 039E,105
Newham 001A,111
Newham 001B,92
Newham 001C,126
Newham 001D,104
Newham 002A,189
Newham 002B,106
Newham 002C,128
Newham 002D,134
Newham 003A,128
Newham 003B,110
Newham 003C,88
Newham 003D,160
Newham 004A,154
Newham 004B,102
Newham 004C,145
Newham 004D,191
Newham 005A,170
Newham 005B,143
Newham 005C,251
Newham 005D,195
Newham 006A,74
Newham 006B,104
Newham 006C,83
Newham 006D,106
Newham 007A,61
Newham 007B,94
Newham 007C,88
Newham 007D,147
Newham 008A,135
Newham 008B,112
Newham 008C,129
Newham 008D,155
Newham 008E,143
Newham 009A,88
Newham 009B,150
Newham 009C,61
Newham 009D,74
Newham 010A,88
Newham 010B,110
Newham 010C,122
Newham 010D,96
Newham 010E,186
Newham 011A,135
Newham 011B,135
Newham 011C,155
Newham 011D,107
Newham 011E,159
Newham 012A,87
Newham 012B,160
Newham 012C,77
Newham 012D,128
Newham 013C,87
Newham 013E,70
Newham 013F,33
Newham 013G,392
Newham 013H,100
Newham 014A,134
Newham 014B,142
Newham 014C,102
Newham 014D,143
Newham 015A,99
Newham 015B,76
Newham 015C,83
Newham 015D,107
Newham 015E,105
Newham 016A,104
Newham 016B,121
Newham 016C,107
Newham 016D,85
Newham 017A,115
Newham 017B,130
Newham 017C,142
Newham 017D,179
Newham 018A,114
Newham 018B,143
Newham 018C,139
Newham 018D,169
Newham 018E,103
Newham 019A,149
Newham 019B,227
Newham 019C,161
Newham 019D,123
Newham 020A,85
Newham 020B,95
Newham 020C,172
Newham 020D,121
Newham 020E,171
Newham 021A,157
Newham 021B,119
Newham 021C,177
Newham 021D,83
Newham 022A,125
Newham 022B,90
Newham 022C,153
Newham 022D,205
Newham 023A,162
Newham 023B,147
Newham 023C,127
Newham 023D,168
Newham 023E,164
Newham 024A,129
Newham 024B,126
Newham 024C,150
Newham 024D,195
Newham 024E,121
Newham 025A,141
Newham 025B,153
Newham 025C,118
Newham 025D,130
Newham 026A,99
Newham 026B,101
Newham 026C,146
Newham 026D,133
Newham 027A,96
Newham 027B,123
Newham 027C,149
Newham 027D,109
Newham 028A,148
Newham 028B,125
Newham 028C,162
Newham 028D,95
Newham 029A,154
Newham 029B,221
Newham 029C,155
Newham 029D,127
Newham 030A,182
Newham 030B,182
Newham 030C,158
Newham 030D,105
Newham 031A,145
Newham 031B,133
Newham 031C,76
Newham 031D,118
Newham 032A,102
Newham 032B,87
Newham 032C,170
Newham 032D,83
Newham 032E,121
Newham 033A,96
Newham 033B,138
Newham 033C,109
Newham 033D,115
Newham 034A,91
Newham 034D,79
Newham 034F,..
Newham 034G,14
Newham 034H,58
Newham 034I,106
Newham 034J,112
Newham 035A,59
Newham 035B,74
Newham 035C,78
Newham 035D,63
Newham 036A,119
Newham 036B,122
Newham 036C,92
Newham 036D,119
Newham 036E,111
Newham 037A,197
Newham 037C,150
Newham 037E,92
Newham 037F,21
Newham 037G,108
Newham 037H,31
Southwark 001A,19
Southwark 001B,16
Southwark 001C,30
Southwark 001D,7
Southwark 001E,63
Southwark 002A,43
Southwark 002B,44
Southwark 002C,34
Southwark 002D,33
Southwark 002E,52
Southwark 003A,96
Southwark 003E,74
Southwark 003F,..
Southwark 003G,5
Southwark 003H,7
Southwark 003I,16
Southwark 003J,25
Southwark 003K,..
Southwark 004A,85
Southwark 004B,68
Southwark 004C,103
Southwark 004D,97
Southwark 004E,98
Southwark 006A,85
Southwark 006B,106
Southwark 006C,55
Southwark 006D,98
Southwark 006E,31
Southwark 006F,41
Southwark 007A,78
Southwark 007B,71
Southwark 007C,103
Southwark 007D,74
Southwark 007E,164
Southwark 008A,60
Southwark 008B,84
Southwark 008C,15
Southwark 008D,6
Southwark 008E,49
Southwark 009A,9
Southwark 009B,36
Southwark 009C,87
Southwark 009F,94
Southwark 010A,77
Southwark 010B,143
Southwark 010C,63
Southwark 010D,104
Southwark 010E,26
Southwark 011A,97
Southwark 011B,102
Southwark 011C,75
Southwark 011D,55
Southwark 012A,49
Southwark 012B,113
Southwark 012E,63
Southwark 012F,105
Southwark 013A,62
Southwark 013B,41
Southwark 013C,111
Southwark 013D,61
Southwark 013E,113
Southwark 014A,117
Southwark 014B,43
Southwark 014D,26
Southwark 014E,68
Southwark 014F,39
Southwark 014G,41
Southwark 015A,85
Southwark 015B,107
Southwark 015C,146
Southwark 015D,99
Southwark 015E,110
Southwark 016A,111
Southwark 016B,35
Southwark 016C,86
Southwark 016D,67
Southwark 016E,99
Southwark 017A,42
Southwark 017B,54
Southwark 017C,51
Southwark 017D,136
Southwark 017E,53
Southwark 018A,146
Southwark 018B,89
Southwark 018C,111
Southwark 018D,130
Southwark 018E,97
Southwark 019A,112
Southwark 019B,108
Southwark 019C,147
Southwark 019D,61
Southwark 019E,135
Southwark 020A,131
Southwark 020B,84
Southwark 020C,95
Southwark 020D,69
Southwark 020E,93
Southwark 021A,24
Southwark 021B,129
Southwark 021C,34
Southwark 021D,128
Southwark 021E,91
Southwark 021F,68
Southwark 022B,130
Southwark 022D,62
Southwark 022E,113
Southwark 022F,128
Southwark 023A,85
Southwark 023B,71
Southwark 023C,87
Southwark 023D,98
Southwark 023E,60
Southwark 024A,24
Southwark 024B,49
Southwark 024C,55
Southwark 024D,9
Southwark 024E,27
Southwark 025A,22
Southwark 025B,92
Southwark 025C,31
Southwark 025D,47
Southwark 025E,92
Southwark 026A,63
Southwark 026B,69
Southwark 026C,81
Southwark 026D,75
Southwark 026E,95
Southwark 027A,137
Southwark 027B,52
Southwark 027C,64
Southwark 027D,49
Southwark 027E,25
Southwark 028A,34
Southwark 028B,46
Southwark 028C,23
Southwark 028D,32
Southwark 028E,29
Southwark 029A,39
Southwark 029B,61
Southwark 029C,23
Southwark 029D,106
Southwark 030A,30
Southwark 030B,21
Southwark 030C,16
Southwark 030D,45
Southwark 030E,15
Southwark 031A,6
Southwark 031B,33
Southwark 031C,21
Southwark 031D,15
Southwark 031E,..
Southwark 032A,47
Southwark 032B,78
Southwark 032C,29
Southwark 032D,43
Southwark 032E,17
Southwark 033A,35
Southwark 033B,55
Southwark 033C,124
Southwark 033D,30
Southwark 033E,18
Southwark 034A,37
Southwark 034B,84
Southwark 034C,49
Southwark 034D,51
Southwark 034E,49
Tower Hamlets 001A,156
Tower Hamlets 001B,155
Tower Hamlets 001C,150
Tower Hamlets 001D,174
Tower Hamlets 002A,209
Tower Hamlets 002B,141
Tower Hamlets 002C,182
Tower Hamlets 002D,97
Tower Hamlets 003A,48
Tower Hamlets 003B,97
Tower Hamlets 003C,46
Tower Hamlets 003D,182
Tower Hamlets 003E,44
Tower Hamlets 004A,75
Tower Hamlets 004C,73
Tower Hamlets 004D,143
Tower Hamlets 004E,79
Tower Hamlets 004F,87
Tower Hamlets 004G,59
Tower Hamlets 005A,70
Tower Hamlets 005B,125
Tower Hamlets 005C,119
Tower Hamlets 005D,201
Tower Hamlets 006A,164
Tower Hamlets 006B,29
Tower Hamlets 006C,95
Tower Hamlets 006D,171
Tower Hamlets 007A,86
Tower Hamlets 007B,198
Tower Hamlets 007C,97
Tower Hamlets 007D,101
Tower Hamlets 008A,121
Tower Hamlets 008B,133
Tower Hamlets 008C,103
Tower Hamlets 008D,327
Tower Hamlets 008E,125
Tower Hamlets 009A,150
Tower Hamlets 009B,218
Tower Hamlets 009C,92
Tower Hamlets 009D,149
Tower Hamlets 010A,118
Tower Hamlets 010B,102
Tower Hamlets 010C,162
Tower Hamlets 010E,164
Tower Hamlets 010F,191
Tower Hamlets 011A,102
Tower Hamlets 011B,136
Tower Hamlets 011D,152
Tower Hamlets 011F,230
Tower Hamlets 012A,148
Tower Hamlets 012B,173
Tower Hamlets 012C,388
Tower Hamlets 012D,82
Tower Hamlets 012E,133
Tower Hamlets 013A,197
Tower Hamlets 013B,125
Tower Hamlets 013C,65
Tower Hamlets 013D,72
Tower Hamlets 014A,157
Tower Hamlets 014B,114
Tower Hamlets 014C,201
Tower Hamlets 014D,229
Tower Hamlets 014E,217
Tower Hamlets 015A,93
Tower Hamlets 015B,61
Tower Hamlets 015C,85
Tower Hamlets 015D,204
Tower Hamlets 015E,106
Tower Hamlets 016A,186
Tower Hamlets 016B,198
Tower Hamlets 016C,171
Tower Hamlets 016D,90
Tower Hamlets 017A,82
Tower Hamlets 017B,101
Tower Hamlets 017C,148
Tower Hamlets 017D,96
Tower Hamlets 018A,212
Tower Hamlets 018B,190
Tower Hamlets 018C,192
Tower Hamlets 018D,199
Tower Hamlets 019A,305
Tower Hamlets 019B,196
Tower Hamlets 019C,191
Tower Hamlets 019D,184
Tower Hamlets 020A,120
Tower Hamlets 020B,106
Tower Hamlets 020C,221
Tower Hamlets 020D,241
Tower Hamlets 021A,224
Tower Hamlets 021C,157
Tower Hamlets 021D,161
Tower Hamlets 021E,110
Tower Hamlets 021F,22
Tower Hamlets 022A,151
Tower Hamlets 022B,123
Tower Hamlets 022C,172
Tower Hamlets 022D,173
Tower Hamlets 023A,179
Tower Hamlets 023B,103
Tower Hamlets 023C,123
Tower Hamlets 023D,65
Tower Hamlets 024A,246
Tower Hamlets 024B,173
Tower Hamlets 024C,189
Tower Hamlets 024D,154
Tower Hamlets 025B,134
Tower Hamlets 025C,168
Tower Hamlets 025D,146
Tower Hamlets 025E,12
Tower Hamlets 025F,55
Tower Hamlets 026A,27
Tower Hamlets 026B,117
Tower Hamlets 026C,235
Tower Hamlets 026D,140
Tower Hamlets 027A,69
Tower Hamlets 027B,34
Tower Hamlets 027C,8
Tower Hamlets 028A,175
Tower Hamlets 028B,165
Tower Hamlets 028D,80
Tower Hamlets 028E,26
Tower Hamlets 028F,46
Tower Hamlets 028G,73
Tower Hamlets 028H,40
Tower Hamlets 028I,30
Tower Hamlets 030A,131
Tower Hamlets 030B,78
Tower Hamlets 030C,89
Tower Hamlets 030D,43
Tower Hamlets 031A,130
Tower Hamlets 031B,99
Tower Hamlets 031C,6
Tower Hamlets 031D,34
Tower Hamlets 031F,14
Tower Hamlets 031G,63
Tower Hamlets 032A,139
Tower Hamlets 032B,43
Tower Hamlets 032C,76
Tower Hamlets 032D,122
Tower Hamlets 032E,96
Tower Hamlets 033A,6
Tower Hamlets 033B,58
Tower Hamlets 033C,41
Tower Hamlets 033D,94
Wandsworth 001A,32
Wandsworth 001B,15
Wandsworth 001C,34
Wandsworth 001D,41
Wandsworth 002B,130
Wandsworth 002C,129
Wandsworth 002D,38
Wandsworth 002E,187
Wandsworth 002F,7
Wandsworth 002G,45
Wandsworth 002H,42
Wandsworth 003A,140
Wandsworth 003B,67
Wandsworth 003C,38
Wandsworth 003D,96
Wandsworth 004B,19
Wandsworth 004C,55
Wandsworth 004D,48
Wandsworth 004E,44
Wandsworth 004F,15
Wandsworth 004G,26
Wandsworth 005A,34
Wandsworth 005B,48
Wandsworth 005C,41
Wandsworth 005D,38
Wandsworth 006A,8
Wandsworth 006B,31
Wandsworth 006C,8
Wandsworth 006D,9
Wandsworth 006E,14
Wandsworth 007A,256
Wandsworth 007B,102
Wandsworth 007C,81
Wandsworth 007D,78
Wandsworth 008A,23
Wandsworth 008B,113
Wandsworth 008C,8
Wandsworth 008D,23
Wandsworth 008E,5
Wandsworth 009A,11
Wandsworth 009B,16
Wandsworth 009C,13
Wandsworth 009D,13
Wandsworth 009E,5
Wandsworth 010A,31
Wandsworth 010B,13
Wandsworth 010C,5
Wandsworth 010E,14
Wandsworth 010F,31
Wandsworth 010G,..
Wandsworth 011A,12
Wandsworth 011B,10
Wandsworth 011C,27
Wandsworth 011D,12
Wandsworth 011E,28
Wandsworth 012A,21
Wandsworth 012B,29
Wandsworth 012C,31
Wandsworth 012D,46
Wandsworth 012E,13
Wandsworth 013A,121
Wandsworth 013B,204
Wandsworth 013C,95
Wandsworth 013D,89
Wandsworth 014A,25
Wandsworth 014B,47
Wandsworth 014C,47
Wandsworth 014D,13
Wandsworth 014E,20
Wandsworth 015A,24
Wandsworth 015B,11
Wandsworth 015C,25
Wandsworth 015D,12
Wandsworth 015E,7
Wandsworth 016A,71
Wandsworth 016B,45
Wandsworth 016C,88
Wandsworth 016D,30
Wandsworth 016E,116
Wandsworth 017A,7
Wandsworth 017B,..
Wandsworth 017C,5
Wandsworth 017D,45
Wandsworth 017E,8
Wandsworth 018A,20
Wandsworth 018B,54
Wandsworth 018C,146
Wandsworth 018D,36
Wandsworth 019A,21
Wandsworth 019B,16
Wandsworth 019C,17
Wandsworth 019D,26
Wandsworth 019E,17
Wandsworth 019F,19
Wandsworth 020A,36
Wandsworth 020B,6
Wandsworth 020C,15
Wandsworth 020D,7
Wandsworth 020E,6
Wandsworth 020F,12
Wandsworth 021A,8
Wandsworth 021B,30
Wandsworth 021C,14
Wandsworth 021D,6
Wandsworth 021E,5
Wandsworth 022A,74
Wandsworth 022B,113
Wandsworth 022C,78
Wandsworth 022D,107
Wandsworth 023A,123
Wandsworth 023B,195
Wandsworth 023C,112
Wandsworth 023D,59
Wandsworth 024A,83
Wandsworth 024B,12
Wandsworth 024C,10
Wandsworth 024D,36
Wandsworth 024E,30
Wandsworth 025A,28
Wandsworth 025B,24
Wandsworth 025C,21
Wandsworth 025D,12
Wandsworth 025E,11
Wandsworth 026A,12
Wandsworth 026B,9
Wandsworth 026C,15
Wandsworth 026D,26
Wandsworth 026E,21
Wandsworth 026F,17
Wandsworth 027A,5
Wandsworth 027B,14
Wandsworth 027C,8
Wandsworth 027D,11
Wandsworth 027E,7
Wandsworth 027F,6
Wandsworth 028A,35
Wandsworth 028B,28
Wandsworth 028C,25
Wandsworth 028D,59
Wandsworth 028E,54
Wandsworth 029A,23
Wandsworth 029B,9
Wandsworth 029C,40
Wandsworth 029D,15
Wandsworth 030A,24
Wandsworth 030B,25
Wandsworth 030C,20
Wandsworth 030D,37
Wandsworth 031A,6
Wandsworth 031B,42
Wandsworth 031C,40
Wandsworth 031D,8
Wandsworth 032A,20
Wandsworth 032B,36
Wandsworth 032C,50
Wandsworth 032D,23
Wandsworth 033A,50
Wandsworth 033B,31
Wandsworth 033C,36
Wandsworth 033D,32
Wandsworth 034A,33
Wandsworth 034B,96
Wandsworth 034C,21
Wandsworth 034D,74
Wandsworth 035A,61
Wandsworth 035B,40
Wandsworth 035C,19
Wandsworth 035D,67
Wandsworth 035E,34
Wandsworth 035F,23
Wandsworth 036A,37
Wandsworth 036B,26
Wandsworth 036C,55
Wandsworth 036D,48
Wandsworth 036E,44
Wandsworth 037A,67
Wandsworth 037B,66
Wandsworth 037C,47
Wandsworth 037D,98
Westminster 001A,20
Westminster 001B,11
Westminster 001C,24
Westminster 001D,18
Westminster 002A,26
Westminster 002B,14
Westminster 002C,5
Westminster 002D,55
Westminster 002E,70
Westminster 003A,5
Westminster 003B,33
Westminster 003C,6
Westminster 003D,15
Westminster 003E,19
Westminster 004A,76
Westminster 004B,76
Westminster 004C,108
Westminster 004D,76
Westminster 004E,197
Westminster 005A,104
Westminster 005B,94
Westminster 005C,42
Westminster 005D,68
Westminster 005E,88
Westminster 005F,68
Westminster 006A,29
Westminster 006B,8
Westminster 006C,5
Westminster 006D,20
Westminster 006E,37
Westminster 007A,8
Westminster 007B,14
Westminster 007D,9
Westminster 007E,47
Westminster 007F,5
Westminster 007G,10
Westminster 008A,16
Westminster 008B,11
Westminster 008C,20
Westminster 008D,10
Westminster 009A,229
Westminster 009E,113
Westminster 009F,93
Westminster 009G,83
Westminster 009H,81
Westminster 009I,29
Westminster 009J,32
Westminster 009K,72
Westminster 010A,114
Westminster 010B,95
Westminster 010C,109
Westminster 010F,223
Westminster 010G,68
Westminster 011A,5
Westminster 011B,5
Westminster 011C,..
Westminster 011D,5
Westminster 011E,10
Westminster 012A,..
Westminster 012B,5
Westminster 012C,27
Westminster 012D,7
Westminster 012E,18
Westminster 013A,38
Westminster 013B,17
Westminster 013D,40
Westminster 013E,8
Westminster 013F,30
Westminster 014A,14
Westminster 014B,12
Westminster 014D,27
Westminster 014E,73
Westminster 014F,11
Westminster 014G,5
Westminster 015A,5
Westminster 015B,11
Westminster 015C,16
Westminster 015E,30
Westminster 015F,33
Westminster 015G,24
Westminster 016A,8
Westminster 016B,12
Westminster 016C,12
Westminster 016D,17
Westminster 016E,6
Westminster 017A,13
Westminster 017B,5
Westminster 017C,13
Westminster 017D,54
Westminster 017E,5
Westminster 017F,13
Westminster 018A,23
Westminster 018B,30
Westminster 018C,..
Westminster 018D,..
Westminster 019A,..
Westminster 019B,5
Westminster 019C,..
Westminster 019D,10
Westminster 019E,..
Westminster 019F,5
Westminster 020A,9
Westminster 020B,38
Westminster 020C,12
Westminster 020D,13
Westminster 020E,11
Westminster 021A,39
Westminster 021B,65
Westminster 021C,33
Westminster 021D,51
Westminster 021E,35
Westminster 022A,14
Westminster 022B,47
Westminster 022C,7
Westminster 022D,33
Westminster 022E,27
Westminster 023B,31
Westminster 023C,41
Westminster 023D,44
Westminster 023E,34
Westminster 023F,19
Westminster 023G,68
Westminster 024A,73
Westminster 024B,74
Westminster 024C,35
Westminster 024D,20
Westminster 024E,5
Westminster 024F,22
Barking and Dagenham 001A,152
Barking and Dagenham 001B,150
Barking and Dagenham 001C,87
Barking and Dagenham 001D,232
Barking and Dagenham 002A,127
Barking and Dagenham 002B,98
Barking and Dagenham 002C,69
Barking and Dagenham 002D,131
Barking and Dagenham 002E,104
Barking and Dagenham 002F,76
Barking and Dagenham 003A,106
Barking and Dagenham 003B,60
Barking and Dagenham 003C,67
Barking and Dagenham 003D,64
Barking and Dagenham 004A,81
Barking and Dagenham 004B,115
Barking and Dagenham 004C,132
Barking and Dagenham 004D,203
Barking and Dagenham 004E,193
Barking and Dagenham 006A,102
Barking and Dagenham 006B,182
Barking and Dagenham 006C,276
Barking and Dagenham 006D,94
Barking and Dagenham 006E,153
Barking and Dagenham 007A,112
Barking and Dagenham 007B,130
Barking and Dagenham 007C,128
Barking and Dagenham 007D,134
Barking and Dagenham 007E,122
Barking and Dagenham 007F,132
Barking and Dagenham 007G,115
Barking and Dagenham 008A,150
Barking and Dagenham 008B,125
Barking and Dagenham 008C,351
Barking and Dagenham 008D,113
Barking and Dagenham 008E,143
Barking and Dagenham 008F,151
Barking and Dagenham 009A,181
Barking and Dagenham 009B,135
Barking and Dagenham 009C,128
Barking and Dagenham 009D,120
Barking and Dagenham 009E,113
Barking and Dagenham 010A,117
Barking and Dagenham 010B,82
Barking and Dagenham 010C,95
Barking and Dagenham 010D,84
Barking and Dagenham 011A,186
Barking and Dagenham 011B,185
Barking and Dagenham 011C,124
Barking and Dagenham 011D,134
Barking and Dagenham 011E,136
Barking and Dagenham 012A,95
Barking and Dagenham 012B,136
Barking and Dagenham 012C,132
Barking and Dagenham 012D,116
Barking and Dagenham 012E,152
Barking and Dagenham 013A,111
Barking and Dagenham 013B,99
Barking and Dagenham 013C,118
Barking and Dagenham 013D,113
Barking and Dagenham 013E,114
Barking and Dagenham 013F,95
Barking and Dagenham 014A,97
Barking and Dagenham 014B,170
Barking and Dagenham 014C,182
Barking and Dagenham 014D,190
Barking and Dagenham 015A,181
Barking and Dagenham 015B,167
Barking and Dagenham 015C,206
Barking and Dagenham 015D,202
Barking and Dagenham 016A,105
Barking and Dagenham 016B,123
Barking and Dagenham 016C,166
Barking and Dagenham 016D,133
Barking and Dagenham 016E,117
Barking and Dagenham 017A,153
Barking and Dagenham 017B,114
Barking and Dagenham 017C,156
Barking and Dagenham 017D,118
Barking and Dagenham 017E,161
Barking and Dagenham 018A,113
Barking and Dagenham 018B,109
Barking and Dagenham 018C,144
Barking and Dagenham 018D,100
Barking and Dagenham 018E,143
Barking and Dagenham 019A,144
Barking and Dagenham 019B,128
Barking and Dagenham 019C,114
Barking and Dagenham 019D,145
Barking and Dagenham 019E,435
Barking and Dagenham 020A,105
Barking and Dagenham 020B,112
Barking and Dagenham 020C,141
Barking and Dagenham 020D,129
Barking and Dagenham 020E,87
Barking and Dagenham 021B,96
Barking and Dagenham 021C,263
Barking and Dagenham 021D,68
Barking and Dagenham 021E,184
Barking and Dagenham 021F,132
Barking and Dagenham 022A,193
Barking and Dagenham 022B,197
Barking and Dagenham 022C,125
Barking and Dagenham 022D,202
Barking and Dagenham 023A,144
Barking and Dagenham 023B,144
Barking and Dagenham 023C,122
Barking and Dagenham 023D,185
Barking and Dagenham 023E,155
Barking and Dagenham 023F,108
Barnet 001A,14
Barnet 001B,15
Barnet 001C,53
Barnet 001D,14
Barnet 001E,37
Barnet 001F,13
Barnet 002A,51
Barnet 002B,13
Barnet 002C,34
Barnet 002D,41
Barnet 002E,19
Barnet 003A,25
Barnet 003B,27
Barnet 003C,27
Barnet 003D,44
Barnet 004A,39
Barnet 004B,52
Barnet 004C,35
Barnet 004D,103
Barnet 004E,54
Barnet 004F,18
Barnet 005A,12
Barnet 005B,53
Barnet 005C,14
Barnet 005D,27
Barnet 006A,62
Barnet 006B,70
Barnet 006C,53
Barnet 006D,38
Barnet 006E,10
Barnet 007A,65
Barnet 007B,13
Barnet 007C,16
Barnet 007D,7
Barnet 007E,67
Barnet 007F,32
Barnet 008A,9
Barnet 008B,5
Barnet 008C,25
Barnet 008D,33
Barnet 008E,12
Barnet 009A,17
Barnet 009B,39
Barnet 009C,27
Barnet 009D,19
Barnet 009E,20
Barnet 010A,23
Barnet 010B,41
Barnet 010C,64
Barnet 010D,41
Barnet 010E,67
Barnet 011A,85
Barnet 011B,10
Barnet 011C,59
Barnet 011D,34
Barnet 011E,43
Barnet 012A,31
Barnet 012B,40
Barnet 012C,5
Barnet 012D,22
Barnet 012E,49
Barnet 013A,128
Barnet 013B,83
Barnet 013C,73
Barnet 013D,52
Barnet 013E,52
Barnet 013F,59
Barnet 014A,63
Barnet 014B,56
Barnet 014C,41
Barnet 014D,92
Barnet 014E,57
Barnet 014F,29
Barnet 015A,35
Barnet 015B,33
Barnet 015C,42
Barnet 015D,37
Barnet 015E,30
Barnet 015F,52
Barnet 016A,40
Barnet 016B,38
Barnet 016C,7
Barnet 016D,49
Barnet 017A,53
Barnet 017B,61
Barnet 017C,14
Barnet 017D,108
Barnet 018A,61
Barnet 018B,60
Barnet 018C,94
Barnet 018D,137
Barnet 018E,58
Barnet 019A,45
Barnet 019B,38
Barnet 019C,30
Barnet 019D,24
Barnet 019E,31
Barnet 019F,56
Barnet 020A,14
Barnet 020B,6
Barnet 020C,12
Barnet 020D,20
Barnet 020E,25
Barnet 021A,95
Barnet 021B,149
Barnet 021C,145
Barnet 021D,26
Barnet 021E,116
Barnet 022A,34
Barnet 022B,35
Barnet 022C,85
Barnet 022D,84
Barnet 022E,60
Barnet 022F,89
Barnet 023A,34
Barnet 023B,9
Barnet 023C,20
Barnet 023D,43
Barnet 024A,154
Barnet 024B,100
Barnet 024C,117
Barnet 024D,107
Barnet 024E,100
Barnet 024F,83
Barnet 025A,46
Barnet 025B,15
Barnet 025C,19
Barnet 025D,58
Barnet 025E,66
Barnet 026A,156
Barnet 026B,195
Barnet 026C,153
Barnet 026D,123
Barnet 026E,138
Barnet 027A,52
Barnet 027B,22
Barnet 027C,115
Barnet 027D,42
Barnet 027E,46
Barnet 027F,18
Barnet 028A,32
Barnet 028B,28
Barnet 028C,6
Barnet 028D,33
Barnet 028E,30
Barnet 029A,22
Barnet 029B,20
Barnet 029C,54
Barnet 029D,12
Barnet 029E,12
Barnet 029F,79
Barnet 030A,92
Barnet 030B,139
Barnet 030D,147
Barnet 030E,120
Barnet 030F,50
Barnet 031A,63
Barnet 031B,50
Barnet 031C,33
Barnet 031D,43
Barnet 032A,45
Barnet 032B,37
Barnet 032C,40
Barnet 032D,33
Barnet 032E,82
Barnet 032F,48
Barnet 033A,14
Barnet 033B,6
Barnet 033C,11
Barnet 033D,12
Barnet 033E,14
Barnet 033F,..
Barnet 034A,43
Barnet 034B,63
Barnet 034C,29
Barnet 034D,41
Barnet 035A,10
Barnet 035B,6
Barnet 035C,42
Barnet 035D,6
Barnet 035E,39
Barnet 035F,62
Barnet 036A,86
Barnet 036B,39
Barnet 036C,34
Barnet 036D,95
Barnet 036E,76
Barnet 036F,96
Barnet 037A,28
Barnet 037B,64
Barnet 037C,72
Barnet 037D,58
Barnet 037E,55
Barnet 037F,77
Barnet 038A,26
Barnet 038B,11
Barnet 038C,27
Barnet 038D,21
Barnet 038E,11
Barnet 039A,56
Barnet 039B,111
Barnet 039C,102
Barnet 039D,91
Barnet 040A,57
Barnet 040B,50
Barnet 040C,55
Barnet 040D,61
Barnet 041A,75
Barnet 041B,13
Barnet 041C,33
Barnet 041D,89
Bexley 001A,138
Bexley 001B,76
Bexley 001C,234
Bexley 001D,69
Bexley 002A,90
Bexley 002B,101
Bexley 002C,74
Bexley 002D,103
Bexley 002E,116
Bexley 002F,81
Bexley 003A,74
Bexley 003B,122
Bexley 003C,137
Bexley 003D,80
Bexley 003E,63
Bexley 004A,97
Bexley 004B,136
Bexley 004C,84
Bexley 004D,106
Bexley 005A,47
Bexley 005B,62
Bexley 005C,124
Bexley 005D,32
Bexley 006A,49
Bexley 006B,65
Bexley 006C,25
Bexley 006D,48
Bexley 006E,43
Bexley 007A,44
Bexley 007B,71
Bexley 007C,56
Bexley 007D,24
Bexley 007E,87
Bexley 008A,35
Bexley 008B,68
Bexley 008C,104
Bexley 008D,55
Bexley 008E,108
Bexley 008F,160
Bexley 008G,127
Bexley 009A,32
Bexley 009B,30
Bexley 009C,22
Bexley 009D,23
Bexley 009E,61
Bexley 009F,52
Bexley 009G,29
Bexley 010A,113
Bexley 010B,98
Bexley 010C,65
Bexley 010D,39
Bexley 010E,74
Bexley 011A,17
Bexley 011B,43
Bexley 011C,22
Bexley 011D,41
Bexley 011E,44
Bexley 013A,77
Bexley 013B,27
Bexley 013C,51
Bexley 013D,46
Bexley 013E,23
Bexley 014A,22
Bexley 014B,46
Bexley 014C,46
Bexley 014D,26
Bexley 014E,38
Bexley 015A,65
Bexley 015B,40
Bexley 015C,42
Bexley 015D,35
Bexley 015E,30
Bexley 016A,31
Bexley 016B,65
Bexley 016C,28
Bexley 016D,41
Bexley 016E,65
Bexley 016F,21
Bexley 017A,33
Bexley 017B,40
Bexley 017C,54
Bexley 017D,46
Bexley 017E,74
Bexley 018A,34
Bexley 018B,30
Bexley 018C,37
Bexley 018D,42
Bexley 018E,60
Bexley 018F,43
Bexley 019A,111
Bexley 019B,89
Bexley 019C,81
Bexley 019D,23
Bexley 019E,85
Bexley 019F,71
Bexley 020A,22
Bexley 020B,33
Bexley 020C,34
Bexley 020D,35
Bexley 020E,26
Bexley 020F,28
Bexley 020G,46
Bexley 021A,36
Bexley 021B,52
Bexley 021C,22
Bexley 021D,35
Bexley 021E,46
Bexley 022A,26
Bexley 022B,26
Bexley 022C,41
Bexley 022D,32
Bexley 022E,9
Bexley 023A,41
Bexley 023B,22
Bexley 023C,32
Bexley 023D,5
Bexley 023E,5
Bexley 024A,33
Bexley 024B,26
Bexley 024C,30
Bexley 024D,22
Bexley 024E,23
Bexley 025A,39
Bexley 025B,35
Bexley 025C,42
Bexley 025D,11
Bexley 025E,28
Bexley 026A,23
Bexley 026B,22
Bexley 026C,54
Bexley 026D,27
Bexley 026E,30
Bexley 027A,14
Bexley 027B,29
Bexley 027C,26
Bexley 027D,50
Bexley 027E,13
Bexley 027F,31
Bexley 028A,49
Bexley 028B,43
Bexley 028C,113
Bexley 028D,88
Bexley 029A,38
Bexley 029B,48
Bexley 029C,57
Bexley 029D,83
Brent 001A,94
Brent 001B,102
Brent 001C,68
Brent 001D,62
Brent 001E,134
Brent 001F,113
Brent 002A,93
Brent 002B,77
Brent 002C,112
Brent 002D,67
Brent 002E,141
Brent 003A,115
Brent 003B,53
Brent 003E,85
Brent 003F,96
Brent 003G,113
Brent 004A,28
Brent 004B,32
Brent 004C,32
Brent 004D,40
Brent 004E,62
Brent 005A,72
Brent 005B,78
Brent 005C,78
Brent 005D,72
Brent 005E,83
Brent 006A,55
Brent 006B,71
Brent 006C,87
Brent 006D,37
Brent 006E,83
Brent 007A,40
Brent 007B,116
Brent 007C,53
Brent 007D,92
Brent 007E,168
Brent 008A,23
Brent 008B,31
Brent 008C,40
Brent 008D,36
Brent 008E,29
Brent 009A,41
Brent 009B,53
Brent 009C,169
Brent 009D,120
Brent 009E,84
Brent 010B,79
Brent 010D,89
Brent 010E,78
Brent 010F,147
Brent 011A,77
Brent 011B,92
Brent 011C,112
Brent 011D,103
Brent 011E,114
Brent 012A,59
Brent 012B,39
Brent 012C,37
Brent 012D,64
Brent 013A,70
Brent 013B,52
Brent 013C,91
Brent 013D,71
Brent 013E,84
Brent 014A,88
Brent 014B,95
Brent 014C,85
Brent 014D,64
Brent 014E,109
Brent 014F,82
Brent 015A,57
Brent 015B,60
Brent 015C,36
Brent 015D,62
Brent 015E,31
Brent 015F,17
Brent 016A,59
Brent 016B,74
Brent 016C,60
Brent 016D,59
Brent 017B,60
Brent 017C,56
Brent 017D,71
Brent 017E,73
Brent 017F,73
Brent 017G,65
Brent 018A,49
Brent 018B,58
Brent 018C,56
Brent 018D,26
Brent 018E,27
Brent 019A,122
Brent 019B,73
Brent 019C,120
Brent 019D,108
Brent 019E,105
Brent 020A,59
Brent 020B,52
Brent 020C,85
Brent 020D,115
Brent 020E,77
Brent 021A,104
Brent 021B,146
Brent 021C,84
Brent 021D,51
Brent 021E,134
Brent 021F,114
Brent 022A,59
Brent 022B,34
Brent 022C,46
Brent 022D,43
Brent 022E,50
Brent 023A,21
Brent 023B,34
Brent 023C,34
Brent 023D,24
Brent 023E,68
Brent 024A,83
Brent 024B,108
Brent 024C,70
Brent 024D,134
Brent 025A,114
Brent 025B,94
Brent 025C,84
Brent 025D,127
Brent 025E,75
Brent 025F,74
Brent 026A,66
Brent 026B,152
Brent 026C,120
Brent 026D,162
Brent 026E,144
Brent 027A,89
Brent 027D,114
Brent 027E,154
Brent 027F,225
Brent 028A,28
Brent 028B,29
Brent 028C,31
Brent 028D,74
Brent 028E,24
Brent 029A,88
Brent 029B,216
Brent 029C,62
Brent 029D,153
Brent 029E,160
Brent 030A,36
Brent 030B,46
Brent 030C,23
Brent 030D,40
Brent 030E,37
Brent 031A,70
Brent 031B,133
Brent 031C,70
Brent 031E,78
Brent 031F,58
Brent 031G,27
Brent 031H,67
Brent 032A,49
Brent 032B,64
Brent 032C,31
Brent 032D,25
Brent 032E,62
Brent 033A,44
Brent 033B,63
Brent 033C,38
Brent 033D,50
Brent 033E,31
Brent 033F,26
Brent 034A,108
Brent 034B,79
Brent 034C,220
Brent 034D,83
Bromley 001A,21
Bromley 001B,58
Bromley 001C,84
Bromley 001D,53
Bromley 001E,105
Bromley 001F,89
Bromley 002A,55
Bromley 002B,17
Bromley 002C,28
Bromley 002D,32
Bromley 002E,44
Bromley 004A,53
Bromley 004B,44
Bromley 004C,28
Bromley 004D,19
Bromley 004E,43
Bromley 005A,75
Bromley 005B,58
Bromley 005C,58
Bromley 005D,53
Bromley 005E,48
Bromley 006A,13
Bromley 006B,30
Bromley 006C,19
Bromley 006D,25
Bromley 006E,85
Bromley 007A,6
Bromley 007B,20
Bromley 007C,12
Bromley 007D,16
Bromley 007E,14
Bromley 007F,21
Bromley 008A,56
Bromley 008B,54
Bromley 008C,32
Bromley 008D,42
Bromley 008E,24
Bromley 008F,52
Bromley 008G,37
Bromley 009A,54
Bromley 009B,94
Bromley 009C,114
Bromley 009D,63
Bromley 009E,81
Bromley 009F,90
Bromley 010A,14
Bromley 010B,18
Bromley 010C,70
Bromley 010D,50
Bromley 011A,24
Bromley 011B,19
Bromley 011C,10
Bromley 011D,9
Bromley 011E,17
Bromley 012A,23
Bromley 012B,13
Bromley 012C,17
Bromley 012D,16
Bromley 012E,15
Bromley 013A,32
Bromley 013B,28
Bromley 013C,23
Bromley 013D,35
Bromley 013E,15
Bromley 014A,114
Bromley 014B,112
Bromley 014C,126
Bromley 014D,54
Bromley 014E,95
Bromley 015A,58
Bromley 015B,36
Bromley 015C,20
Bromley 015D,58
Bromley 015E,42
Bromley 016A,36
Bromley 016B,27
Bromley 016C,25
Bromley 016D,11
Bromley 016E,20
Bromley 018A,15
Bromley 018B,44
Bromley 018C,31
Bromley 018D,36
Bromley 018E,22
Bromley 019A,126
Bromley 019B,135
Bromley 019C,91
Bromley 019D,134
Bromley 019E,68
Bromley 020A,15
Bromley 020B,46
Bromley 020C,27
Bromley 020D,25
Bromley 020E,39
Bromley 021A,8
Bromley 021B,15
Bromley 021C,6
Bromley 021D,26
Bromley 021E,15
Bromley 022A,22
Bromley 022B,17
Bromley 022C,21
Bromley 022D,10
Bromley 023A,94
Bromley 023B,52
Bromley 023C,80
Bromley 023D,35
Bromley 023E,53
Bromley 024A,31
Bromley 024B,15
Bromley 024C,34
Bromley 024D,18
Bromley 024E,41
Bromley 025A,29
Bromley 025B,14
Bromley 025C,21
Bromley 025D,23
Bromley 025E,5
Bromley 026A,128
Bromley 026B,73
Bromley 026C,35
Bromley 026D,52
Bromley 027A,13
Bromley 027B,34
Bromley 027C,18
Bromley 027D,29
Bromley 027E,17
Bromley 028A,56
Bromley 028B,43
Bromley 028C,39
Bromley 028D,5
Bromley 028E,16
Bromley 029A,34
Bromley 029B,29
Bromley 029C,50
Bromley 029D,48
Bromley 029E,34
Bromley 030A,19
Bromley 030B,23
Bromley 030C,13
Bromley 030D,40
Bromley 030E,13
Bromley 030F,12
Bromley 030G,14
Bromley 030H,22
Bromley 031A,29
Bromley 031B,33
Bromley 031C,7
Bromley 031D,18
Bromley 031E,15
Bromley 032A,19
Bromley 032B,165
Bromley 032C,36
Bromley 032D,8
Bromley 032E,76
Bromley 033A,57
Bromley 033B,31
Bromley 033C,11
Bromley 033D,19
Bromley 034A,38
Bromley 034B,34
Bromley 034C,25
Bromley 034D,33
Bromley 034E,32
Bromley 035A,9
Bromley 035B,20
Bromley 035C,30
Bromley 035D,14
Bromley 035E,15
Bromley 036A,29
Bromley 036B,58
Bromley 036C,26
Bromley 036D,33
Bromley 037A,21
Bromley 037B,33
Bromley 037C,22
Bromley 037D,14
Bromley 037E,24
Bromley 039A,46
Bromley 039B,38
Bromley 039C,37
Bromley 039D,59
Bromley 039E,31
Bromley 040A,50
Bromley 040B,29
Bromley 040C,73
Bromley 040D,96
Bromley 040E,30
Bromley 041A,24
Bromley 041B,35
Bromley 041C,13
Bromley 041D,28
Bromley 041E,62
Bromley 042A,16
Bromley 042B,96
Bromley 042C,37
Bromley 042D,28
Croydon 001A,51
Croydon 001B,23
Croydon 001C,81
Croydon 001D,60
Croydon 001E,66
Croydon 002A,37
Croydon 002B,74
Croydon 002C,51
Croydon 002D,88
Croydon 002E,45
Croydon 003A,45
Croydon 003B,39
Croydon 003C,127
Croydon 003D,127
Croydon 004A,38
Croydon 004B,92
Croydon 004C,108
Croydon 004D,135
Croydon 004E,56
Croydon 005A,84
Croydon 005B,76
Croydon 005C,129
Croydon 005D,120
Croydon 005E,37
Croydon 006A,58
Croydon 006B,72
Croydon 006C,50
Croydon 006D,48
Croydon 006E,77
Croydon 007A,66
Croydon 007B,24
Croydon 007C,50
Croydon 007D,50
Croydon 007E,80
Croydon 008A,53
Croydon 008B,89
Croydon 008C,142
Croydon 008D,78
Croydon 008E,75
Croydon 009A,76
Croydon 009B,71
Croydon 009C,51
Croydon 009D,54
Croydon 009E,43
Croydon 009F,90
Croydon 010A,57
Croydon 010B,56
Croydon 010C,72
Croydon 010D,57
Croydon 010E,96
Croydon 011A,80
Croydon 011B,72
Croydon 011C,110
Croydon 011D,65
Croydon 011E,110
Croydon 011F,59
Croydon 013A,95
Croydon 013B,127
Croydon 013C,90
Croydon 013D,78
Croydon 013E,65
Croydon 013F,60
Croydon 014A,89
Croydon 014B,54
Croydon 014C,58
Croydon 014D,88
Croydon 014E,75
Croydon 015A,95
Croydon 015B,112
Croydon 015C,121
Croydon 015D,120
Croydon 015E,107
Croydon 016A,64
Croydon 016B,112
Croydon 016C,90
Croydon 016D,66
Croydon 016E,89
Croydon 017A,44
Croydon 017B,42
Croydon 017C,54
Croydon 017D,32
Croydon 017E,80
Croydon 018A,47
Croydon 018B,26
Croydon 018C,40
Croydon 018D,27
Croydon 018E,45
Croydon 019A,67
Croydon 019B,115
Croydon 019C,85
Croydon 019D,130
Croydon 019E,107
Croydon 020A,130
Croydon 020B,148
Croydon 020C,97
Croydon 020D,75
Croydon 020E,100
Croydon 021A,34
Croydon 021B,25
Croydon 021C,21
Croydon 021D,53
Croydon 022A,54
Croydon 022B,78
Croydon 022C,51
Croydon 022D,33
Croydon 022E,38
Croydon 022F,70
Croydon 023A,11
Croydon 023B,24
Croydon 023C,9
Croydon 023D,19
Croydon 024A,144
Croydon 024B,114
Croydon 024C,68
Croydon 024D,112
Croydon 024E,29
Croydon 025A,23
Croydon 025B,146
Croydon 025C,209
Croydon 025D,39
Croydon 026A,51
Croydon 026B,21
Croydon 026C,26
Croydon 026D,25
Croydon 026E,21
Croydon 027A,35
Croydon 027B,161
Croydon 027C,64
Croydon 027D,31
Croydon 027E,77
Croydon 028A,58
Croydon 028B,83
Croydon 028C,59
Croydon 028D,177
Croydon 028E,88
Croydon 029A,13
Croydon 029B,39
Croydon 029C,43
Croydon 029D,21
Croydon 029E,56
Croydon 030A,141
Croydon 030B,118
Croydon 030C,146
Croydon 030D,169
Croydon 030E,192
Croydon 031A,44
Croydon 031B,37
Croydon 031C,67
Croydon 031D,47
Croydon 031E,19
Croydon 032A,108
Croydon 032B,62
Croydon 032C,23
Croydon 032D,91
Croydon 032E,95
Croydon 033A,20
Croydon 033B,33
Croydon 033C,22
Croydon 033D,22
Croydon 033E,36
Croydon 034A,23
Croydon 034B,52
Croydon 034C,71
Croydon 034D,47
Croydon 034E,28
Croydon 034F,108
Croydon 034G,31
Croydon 034H,24
Croydon 035A,13
Croydon 035B,17
Croydon 035C,19
Croydon 035D,19
Croydon 035E,18
Croydon 036A,99
Croydon 036B,111
Croydon 036C,118
Croydon 036D,55
Croydon 037A,25
Croydon 037B,57
Croydon 037C,50
Croydon 037D,16
Croydon 037E,76
Croydon 037F,24
Croydon 038A,11
Croydon 038B,26
Croydon 038C,21
Croydon 038D,17
Croydon 038E,6
Croydon 039A,24
Croydon 039B,40
Croydon 039C,43
Croydon 039D,11
Croydon 040A,13
Croydon 040B,67
Croydon 040C,45
Croydon 040D,49
Croydon 041A,30
Croydon 041B,40
Croydon 041C,57
Croydon 041D,17
Croydon 041E,76
Croydon 042A,48
Croydon 042B,51
Croydon 042C,10
Croydon 042D,32
Croydon 043A,14
Croydon 043B,23
Croydon 043C,9
Croydon 043D,39
Croydon 043E,63
Croydon 044A,9
Croydon 044B,13
Croydon 044C,34
Croydon 044D,79
Croydon 044E,11
Croydon 045A,106
Croydon 045B,22
Croydon 045C,53
Croydon 045D,72
Croydon 045E,136
Ealing 001A,96
Ealing 001B,91
Ealing 001C,85
Ealing 001D,68
Ealing 001E,129
Ealing 002A,70
Ealing 002B,32
Ealing 002C,81
Ealing 002D,63
Ealing 002E,57
Ealing 003A,55
Ealing 003B,99
Ealing 003C,110
Ealing 003D,125
Ealing 003E,141
Ealing 003F,104
Ealing 004A,48
Ealing 004B,55
Ealing 004C,113
Ealing 004D,82
Ealing 005A,66
Ealing 005B,70
Ealing 005C,61
Ealing 005D,103
Ealing 006A,60
Ealing 006B,44
Ealing 006C,102
Ealing 006D,73
Ealing 006E,84
Ealing 007A,84
Ealing 007B,69
Ealing 007C,57
Ealing 007D,72
Ealing 008A,189
Ealing 008B,75
Ealing 008C,93
Ealing 008D,109
Ealing 008E,108
Ealing 009A,114
Ealing 009B,119
Ealing 009C,124
Ealing 009D,102
Ealing 009E,172
Ealing 010B,60
Ealing 010C,106
Ealing 010D,100
Ealing 010E,113
Ealing 010F,169
Ealing 010G,72
Ealing 011A,62
Ealing 011B,63
Ealing 011C,59
Ealing 011D,28
Ealing 012A,92
Ealing 012B,48
Ealing 012C,72
Ealing 012D,80
Ealing 013A,7
Ealing 013B,15
Ealing 013C,7
Ealing 013D,9
Ealing 014A,49
Ealing 014B,42
Ealing 014C,58
Ealing 014D,46
Ealing 014E,98
Ealing 015A,61
Ealing 015B,62
Ealing 015C,69
Ealing 015D,97
Ealing 015E,79
Ealing 016A,140
Ealing 016B,73
Ealing 016C,48
Ealing 016D,76
Ealing 016E,71
Ealing 016F,103
Ealing 017A,90
Ealing 017B,69
Ealing 017C,63
Ealing 017D,101
Ealing 017E,77
Ealing 018A,42
Ealing 018B,102
Ealing 018C,119
Ealing 018D,10
Ealing 018E,12
Ealing 018F,15
Ealing 019A,49
Ealing 019B,..
Ealing 019C,..
Ealing 019D,11
Ealing 019E,20
Ealing 020A,14
Ealing 020B,18
Ealing 020C,25
Ealing 020D,29
Ealing 020E,32
Ealing 020F,14
Ealing 020G,9
Ealing 020H,19
Ealing 021A,28
Ealing 021B,42
Ealing 021C,24
Ealing 021D,63
Ealing 022A,38
Ealing 022B,63
Ealing 022C,32
Ealing 022D,48
Ealing 023A,124
Ealing 023B,46
Ealing 023C,111
Ealing 023D,63
Ealing 023E,100
Ealing 024A,73
Ealing 024B,57
Ealing 024C,34
Ealing 024D,85
Ealing 024E,136
Ealing 024F,27
Ealing 025A,25
Ealing 025B,23
Ealing 025C,114
Ealing 025D,46
Ealing 025E,57
Ealing 026A,139
Ealing 026B,95
Ealing 026C,119
Ealing 026D,118
Ealing 026E,136
Ealing 026F,109
Ealing 027A,19
Ealing 027B,9
Ealing 027C,14
Ealing 027D,23
Ealing 027E,35
Ealing 028A,103
Ealing 028B,82
Ealing 028C,20
Ealing 028D,23
Ealing 028E,44
Ealing 028F,46
Ealing 029A,167
Ealing 029B,132
Ealing 029C,146
Ealing 029D,64
Ealing 029E,74
Ealing 029F,131
Ealing 029G,84
Ealing 030A,38
Ealing 030B,61
Ealing 030C,55
Ealing 030D,43
Ealing 031A,55
Ealing 031B,10
Ealing 031C,52
Ealing 031D,56
Ealing 031E,5
Ealing 031F,17
Ealing 032A,10
Ealing 032B,6
Ealing 032C,34
Ealing 032D,10
Ealing 032E,13
Ealing 033A,54
Ealing 033B,51
Ealing 033C,185
Ealing 033D,65
Ealing 033E,112
Ealing 034A,17
Ealing 034B,6
Ealing 034C,7
Ealing 034D,31
Ealing 035A,40
Ealing 035B,26
Ealing 035C,19
Ealing 035D,19
Ealing 037A,84
Ealing 037B,143
Ealing 037C,62
Ealing 037D,122
Ealing 037E,122
Ealing 037F,100
Ealing 037G,86
Ealing 038A,177
Ealing 038B,57
Ealing 038C,66
Ealing 038D,98
Ealing 039A,12
Ealing 039B,34
Ealing 039C,15
Ealing 039D,32
Ealing 040A,38
Ealing 040B,40
Ealing 040C,20
Ealing 040D,17
Enfield 001A,64
Enfield 001B,78
Enfield 001C,81
Enfield 001D,92
Enfield 002A,112
Enfield 002B,142
Enfield 002C,107
Enfield 002D,100
Enfield 002E,96
Enfield 003B,109
Enfield 003C,101
Enfield 003D,93
Enfield 003E,74
Enfield 003F,73
Enfield 003G,82
Enfield 004A,37
Enfield 004B,27
Enfield 004C,53
Enfield 004D,21
Enfield 004E,91
Enfield 005A,48
Enfield 005B,92
Enfield 005C,119
Enfield 005D,87
Enfield 005E,40
Enfield 006A,87
Enfield 006B,84
Enfield 006C,117
Enfield 006D,118
Enfield 006E,89
Enfield 007A,89
Enfield 007B,62
Enfield 007C,60
Enfield 007D,61
Enfield 007E,83
Enfield 008A,59
Enfield 008B,48
Enfield 008C,27
Enfield 008D,35
Enfield 008E,21
Enfield 009A,22
Enfield 009B,38
Enfield 009C,25
Enfield 009D,19
Enfield 010A,9
Enfield 010B,26
Enfield 010C,22
Enfield 010D,20
Enfield 010E,13
Enfield 011A,47
Enfield 011B,20
Enfield 011C,50
Enfield 011D,9
Enfield 012A,79
Enfield 012B,111
Enfield 012C,82
Enfield 012D,97
Enfield 012E,134
Enfield 012F,75
Enfield 013A,29
Enfield 013B,32
Enfield 013C,36
Enfield 013D,19
Enfield 014A,140
Enfield 014B,109
Enfield 014C,77
Enfield 014D,51
Enfield 015A,18
Enfield 015B,48
Enfield 015C,37
Enfield 015D,35
Enfield 015E,109
Enfield 016A,21
Enfield 016B,70
Enfield 016C,54
Enfield 016D,69
Enfield 016E,53
Enfield 016F,37
Enfield 017A,25
Enfield 017B,17
Enfield 017C,25
Enfield 017D,23
Enfield 018A,99
Enfield 018B,101
Enfield 018C,55
Enfield 018D,79
Enfield 018E,71
Enfield 019A,59
Enfield 019B,38
Enfield 019C,30
Enfield 019D,44
Enfield 019E,19
Enfield 020A,48
Enfield 020B,54
Enfield 020C,63
Enfield 020D,60
Enfield 020E,26
Enfield 021A,29
Enfield 021B,28
Enfield 021C,13
Enfield 021D,28
Enfield 021E,25
Enfield 021F,39
Enfield 022A,7
Enfield 022B,27
Enfield 022C,8
Enfield 022D,16
Enfield 022E,13
Enfield 023A,84
Enfield 023B,109
Enfield 023C,107
Enfield 023D,105
Enfield 023E,66
Enfield 024A,96
Enfield 024B,98
Enfield 024C,56
Enfield 024D,62
Enfield 024E,142
Enfield 025A,69
Enfield 025B,116
Enfield 025C,135
Enfield 025E,106
Enfield 025F,106
Enfield 025G,107
Enfield 026A,46
Enfield 026B,100
Enfield 026C,53
Enfield 026D,32
Enfield 026E,50
Enfield 027A,93
Enfield 027B,153
Enfield 027C,138
Enfield 027D,101
Enfield 027E,98
Enfield 028A,19
Enfield 028B,10
Enfield 028C,25
Enfield 028D,11
Enfield 028E,33
Enfield 029A,45
Enfield 029B,66
Enfield 029C,43
Enfield 029D,40
Enfield 029E,12
Enfield 030A,118
Enfield 030B,134
Enfield 030C,184
Enfield 030D,173
Enfield 030E,141
Enfield 031A,50
Enfield 031B,75
Enfield 031C,74
Enfield 031D,107
Enfield 031E,54
Enfield 031F,58
Enfield 032A,22
Enfield 032B,62
Enfield 032C,96
Enfield 032D,81
Enfield 032E,38
Enfield 033A,131
Enfield 033B,104
Enfield 033C,141
Enfield 033D,104
Enfield 033E,141
Enfield 033F,125
Enfield 035A,77
Enfield 035B,98
Enfield 035C,95
Enfield 035D,37
Enfield 035E,69
Enfield 035F,86
Enfield 036A,54
Enfield 036B,55
Enfield 036C,59
Enfield 036D,50
Enfield 036E,75
Enfield 036F,51
Enfield 037A,149
Enfield 037B,115
Enfield 037C,133
Enfield 037D,153
Enfield 037E,131
Greenwich 001A,100
Greenwich 001B,104
Greenwich 001C,110
Greenwich 001D,138
Greenwich 002A,77
Greenwich 002B,180
Greenwich 002E,125
Greenwich 002F,109
Greenwich 002G,103
Greenwich 002H,98
Greenwich 002I,109
Greenwich 003A,165
Greenwich 003B,181
Greenwich 003C,136
Greenwich 003D,116
Greenwich 003E,122
Greenwich 004B,60
Greenwich 004C,79
Greenwich 004D,176
Greenwich 004E,27
Greenwich 004F,43
Greenwich 004G,43
Greenwich 004H,5
Greenwich 004I,103
Greenwich 005A,159
Greenwich 005B,113
Greenwich 005C,52
Greenwich 005D,185
Greenwich 005E,61
Greenwich 006A,128
Greenwich 006B,145
Greenwich 006C,120
Greenwich 006D,79
Greenwich 006E,96
Greenwich 007B,202
Greenwich 007C,94
Greenwich 007D,83
Greenwich 007E,84
Greenwich 007F,33
Greenwich 007G,85
Greenwich 008A,75
Greenwich 008B,64
Greenwich 008C,53
Greenwich 008D,160
Greenwich 009A,149
Greenwich 009B,127
Greenwich 009C,174
Greenwich 009D,119
Greenwich 011A,134
Greenwich 011B,119
Greenwich 011C,128
Greenwich 011D,94
Greenwich 011E,227
Greenwich 011F,72
Greenwich 012A,92
Greenwich 012B,100
Greenwich 012C,154
Greenwich 012D,147
Greenwich 014A,55
Greenwich 014B,32
Greenwich 014C,31
Greenwich 014D,161
Greenwich 015A,179
Greenwich 015B,51
Greenwich 015C,85
Greenwich 015D,215
Greenwich 016A,52
Greenwich 016B,28
Greenwich 016C,34
Greenwich 016D,24
Greenwich 017A,59
Greenwich 017B,86
Greenwich 017C,41
Greenwich 017D,58
Greenwich 019A,131
Greenwich 019B,111
Greenwich 019C,126
Greenwich 019D,49
Greenwich 020A,56
Greenwich 020B,20
Greenwich 020C,32
Greenwich 020D,65
Greenwich 020E,57
Greenwich 021A,34
Greenwich 021B,48
Greenwich 021C,26
Greenwich 021D,10
Greenwich 022A,91
Greenwich 022B,38
Greenwich 022C,59
Greenwich 022D,88
Greenwich 023A,17
Greenwich 023B,24
Greenwich 023C,33
Greenwich 023D,29
Greenwich 025A,103
Greenwich 025B,77
Greenwich 025C,96
Greenwich 025D,72
Greenwich 025E,133
Greenwich 027A,23
Greenwich 027B,45
Greenwich 027C,18
Greenwich 027D,24
Greenwich 028A,71
Greenwich 028B,24
Greenwich 028C,67
Greenwich 028D,41
Greenwich 029A,121
Greenwich 029B,133
Greenwich 029C,108
Greenwich 029D,104
Greenwich 029E,108
Greenwich 030C,77
Greenwich 030D,67
Greenwich 030E,162
Greenwich 031A,42
Greenwich 031B,44
Greenwich 031C,148
Greenwich 031D,116
Greenwich 032A,35
Greenwich 032B,62
Greenwich 032C,31
Greenwich 032D,26
Greenwich 033A,98
Greenwich 033B,87
Greenwich 033C,149
Greenwich 033D,50
Greenwich 034A,55
Greenwich 034B,15
Greenwich 034C,45
Greenwich 034D,34
Greenwich 034E,212
Greenwich 035A,231
Greenwich 035B,112
Greenwich 035C,14
Greenwich 035D,57
Greenwich 036A,57
Greenwich 036B,130
Greenwich 036C,113
Greenwich 036D,16
Greenwich 036E,89
Greenwich 037A,98
Greenwich 037B,39
Greenwich 037C,42
Greenwich 037D,67
Greenwich 038A,115
Greenwich 038B,41
Greenwich 038C,42
Greenwich 038D,55
Greenwich 038E,26
Harrow 001A,38
Harrow 001B,60
Harrow 001C,10
Harrow 001D,58
Harrow 002A,44
Harrow 002B,44
Harrow 002C,20
Harrow 002D,96
Harrow 002E,94
Harrow 003A,121
Harrow 003B,81
Harrow 003C,70
Harrow 003D,42
Harrow 004A,51
Harrow 004B,7
Harrow 004C,11
Harrow 004D,5
Harrow 005A,54
Harrow 005B,59
Harrow 005C,55
Harrow 005D,71
Harrow 005E,61
Harrow 006A,76
Harrow 006B,29
Harrow 006C,60
Harrow 006D,97
Harrow 006E,14
Harrow 007A,146
Harrow 007B,105
Harrow 007C,98
Harrow 007D,61
Harrow 007E,91
Harrow 008A,60
Harrow 008B,50
Harrow 008C,20
Harrow 008D,50
Harrow 008E,84
Harrow 009A,107
Harrow 009B,59
Harrow 009C,40
Harrow 009D,14
Harrow 010A,93
Harrow 010B,120
Harrow 010C,105
Harrow 010D,73
Harrow 010E,77
Harrow 011A,70
Harrow 011B,161
Harrow 011C,77
Harrow 011D,118
Harrow 011E,115
Harrow 012A,68
Harrow 012B,52
Harrow 012C,53
Harrow 012D,84
Harrow 012E,166
Harrow 013A,122
Harrow 013B,148
Harrow 013C,74
Harrow 013D,84
Harrow 013E,80
Harrow 015A,59
Harrow 015B,29
Harrow 015C,79
Harrow 015D,39
Harrow 016A,8
Harrow 016B,27
Harrow 016C,15
Harrow 016D,45
Harrow 017A,81
Harrow 017B,75
Harrow 017C,80
Harrow 017D,108
Harrow 017E,87
Harrow 019A,16
Harrow 019B,17
Harrow 019C,39
Harrow 019D,19
Harrow 020A,66
Harrow 020B,118
Harrow 020C,78
Harrow 020D,78
Harrow 021A,49
Harrow 021B,86
Harrow 021C,73
Harrow 021D,42
Harrow 022A,21
Harrow 022B,15
Harrow 022C,24
Harrow 022D,31
Harrow 023A,83
Harrow 023B,45
Harrow 023C,51
Harrow 023D,77
Harrow 024A,65
Harrow 024B,58
Harrow 024C,42
Harrow 024D,57
Harrow 025A,8
Harrow 025B,34
Harrow 025C,39
Harrow 025D,74
Harrow 027A,146
Harrow 027B,65
Harrow 027C,73
Harrow 027D,159
Harrow 028A,49
Harrow 028B,76
Harrow 028C,75
Harrow 028D,143
Harrow 029A,24
Harrow 029B,17
Harrow 029C,76
Harrow 029D,9
Harrow 030A,55
Harrow 030B,102
Harrow 030C,51
Harrow 030D,77
Harrow 031A,113
Harrow 031B,107
Harrow 031C,59
Harrow 031D,64
Harrow 031E,101
Harrow 032A,32
Harrow 032B,47
Harrow 032C,61
Harrow 032D,68
Harrow 032E,43
Harrow 033A,94
Harrow 033B,73
Harrow 033C,109
Harrow 033D,66
Harrow 033E,31
Harrow 033F,56
Harrow 033G,55
Harrow 033H,59
Harrow 033I,53
Havering 001A,115
Havering 001B,103
Havering 001C,81
Havering 001D,115
Havering 002A,93
Havering 002B,75
Havering 002C,169
Havering 002D,84
Havering 002E,72
Havering 003A,62
Havering 003B,126
Havering 003C,32
Havering 003D,131
Havering 003E,95
Havering 004A,134
Havering 004B,194
Havering 004C,96
Havering 004D,89
Havering 004E,149
Havering 004F,122
Havering 005A,81
Havering 005B,87
Havering 005C,99
Havering 005D,66
Havering 005E,63
Havering 006A,110
Havering 006B,89
Havering 006C,94
Havering 006D,68
Havering 007A,53
Havering 007B,19
Havering 007C,28
Havering 007D,48
Havering 007E,38
Havering 008A,30
Havering 008B,62
Havering 008C,55
Havering 008D,18
Havering 008E,48
Havering 009A,31
Havering 009B,72
Havering 009C,50
Havering 009D,76
Havering 009E,39
Havering 009F,33
Havering 010A,40
Havering 010B,33
Havering 010C,45
Havering 010D,41
Havering 010E,33
Havering 010F,32
Havering 011A,62
Havering 011B,52
Havering 011C,139
Havering 011D,57
Havering 011E,88
Havering 012A,12
Havering 012B,21
Havering 012C,24
Havering 012D,33
Havering 012E,62
Havering 012F,56
Havering 013A,64
Havering 013B,45
Havering 013C,112
Havering 013E,40
Havering 013F,32
Havering 014A,27
Havering 014B,36
Havering 014C,18
Havering 014D,25
Havering 014E,17
Havering 014F,33
Havering 015A,11
Havering 015B,21
Havering 015C,15
Havering 015D,16
Havering 016A,76
Havering 016B,67
Havering 016C,46
Havering 016D,78
Havering 016E,75
Havering 017A,78
Havering 017B,121
Havering 017C,122
Havering 017D,164
Havering 017E,58
Havering 017F,120
Havering 018A,34
Havering 018B,30
Havering 018C,60
Havering 018D,29
Havering 018E,56
Havering 019A,18
Havering 019B,13
Havering 019C,7
Havering 019D,24
Havering 020A,17
Havering 020B,18
Havering 020C,54
Havering 020D,52
Havering 020E,43
Havering 021A,32
Havering 021B,47
Havering 021C,68
Havering 021D,25
Havering 021E,47
Havering 022A,26
Havering 022B,37
Havering 022C,41
Havering 022D,39
Havering 022E,45
Havering 023A,57
Havering 023B,26
Havering 023C,20
Havering 023D,45
Havering 023E,31
Havering 024A,13
Havering 024B,15
Havering 024C,7
Havering 024D,19
Havering 024E,7
Havering 025A,30
Havering 025B,15
Havering 025C,27
Havering 025D,9
Havering 025E,18
Havering 026A,50
Havering 026B,60
Havering 026C,50
Havering 026D,36
Havering 026E,103
Havering 027A,31
Havering 027B,59
Havering 027C,49
Havering 027D,68
Havering 027E,106
Havering 028A,173
Havering 028B,88
Havering 028C,118
Havering 028D,61
Havering 028E,94
Havering 029A,47
Havering 029B,68
Havering 029C,23
Havering 029D,67
Havering 030A,104
Havering 030B,57
Havering 030C,68
Havering 030D,54
Hillingdon 001A,..
Hillingdon 001B,27
Hillingdon 001C,..
Hillingdon 001D,17
Hillingdon 001E,10
Hillingdon 002A,33
Hillingdon 002B,44
Hillingdon 002C,27
Hillingdon 002D,57
Hillingdon 002E,50
Hillingdon 002F,66
Hillingdon 003A,30
Hillingdon 003B,52
Hillingdon 003C,51
Hillingdon 003D,46
Hillingdon 003E,71
Hillingdon 004A,51
Hillingdon 004B,32
Hillingdon 004C,43
Hillingdon 004D,23
Hillingdon 004E,52
Hillingdon 005A,40
Hillingdon 005B,33
Hillingdon 005C,33
Hillingdon 005D,13
Hillingdon 006A,42
Hillingdon 006B,18
Hillingdon 006C,18
Hillingdon 006D,16
Hillingdon 006E,11
Hillingdon 007A,6
Hillingdon 007B,25
Hillingdon 007C,9
Hillingdon 007D,35
Hillingdon 007E,34
Hillingdon 008A,46
Hillingdon 008B,44
Hillingdon 008C,43
Hillingdon 008D,29
Hillingdon 008E,21
Hillingdon 009A,35
Hillingdon 009B,15
Hillingdon 009C,50
Hillingdon 009D,18
Hillingdon 009E,36
Hillingdon 010A,26
Hillingdon 010B,32
Hillingdon 010C,22
Hillingdon 010D,13
Hillingdon 010E,70
Hillingdon 011A,9
Hillingdon 011B,14
Hillingdon 011C,11
Hillingdon 011D,24
Hillingdon 011E,34
Hillingdon 013A,20
Hillingdon 013B,18
Hillingdon 013C,42
Hillingdon 013D,16
Hillingdon 013E,32
Hillingdon 014A,27
Hillingdon 014B,22
Hillingdon 014C,41
Hillingdon 014D,51
Hillingdon 014E,100
Hillingdon 015A,47
Hillingdon 015C,50
Hillingdon 015D,72
Hillingdon 015F,128
Hillingdon 016B,96
Hillingdon 016C,101
Hillingdon 016D,40
Hillingdon 016F,64
Hillingdon 017A,65
Hillingdon 017B,49
Hillingdon 017C,56
Hillingdon 017D,26
Hillingdon 017E,67
Hillingdon 018A,86
Hillingdon 018B,88
Hillingdon 018C,54
Hillingdon 018D,98
Hillingdon 018E,59
Hillingdon 018F,51
Hillingdon 019A,76
Hillingdon 019B,77
Hillingdon 019C,88
Hillingdon 019D,65
Hillingdon 019E,93
Hillingdon 020A,136
Hillingdon 020B,85
Hillingdon 020C,158
Hillingdon 020D,202
Hillingdon 020E,123
Hillingdon 021A,97
Hillingdon 021B,66
Hillingdon 021C,125
Hillingdon 021D,60
Hillingdon 021E,60
Hillingdon 021F,93
Hillingdon 022A,82
Hillingdon 022B,108
Hillingdon 022C,22
Hillingdon 022D,71
Hillingdon 022E,118
Hillingdon 022F,161
Hillingdon 023A,84
Hillingdon 023B,57
Hillingdon 023C,122
Hillingdon 023D,78
Hillingdon 023E,95
Hillingdon 024A,105
Hillingdon 024B,100
Hillingdon 024C,124
Hillingdon 024D,177
Hillingdon 024E,131
Hillingdon 025A,76
Hillingdon 025B,61
Hillingdon 025C,135
Hillingdon 025D,94
Hillingdon 025E,63
Hillingdon 026A,102
Hillingdon 026B,78
Hillingdon 026C,173
Hillingdon 026D,167
Hillingdon 026E,157
Hillingdon 027A,74
Hillingdon 027B,123
Hillingdon 027C,107
Hillingdon 027D,151
Hillingdon 027E,163
Hillingdon 027F,94
Hillingdon 028A,147
Hillingdon 028B,102
Hillingdon 028C,133
Hillingdon 028D,95
Hillingdon 028E,196
Hillingdon 029A,143
Hillingdon 029B,67
Hillingdon 029C,110
Hillingdon 029D,138
Hillingdon 029E,36
Hillingdon 030A,169
Hillingdon 030B,57
Hillingdon 030C,70
Hillingdon 030D,121
Hillingdon 030E,74
Hillingdon 031A,79
Hillingdon 031B,75
Hillingdon 031C,88
Hillingdon 031D,86
Hillingdon 032A,52
Hillingdon 032B,127
Hillingdon 032C,129
Hillingdon 032D,107
Hillingdon 032E,202
Hillingdon 033A,73
Hillingdon 033B,73
Hillingdon 033C,13
Hillingdon 033D,62
Hillingdon 033E,44
Hounslow 001A,20
Hounslow 001B,31
Hounslow 001C,18
Hounslow 001D,8
Hounslow 001E,11
Hounslow 003A,81
Hounslow 003B,87
Hounslow 003C,159
Hounslow 003D,141
Hounslow 003F,51
Hounslow 003G,36
Hounslow 004A,129
Hounslow 004B,71
Hounslow 004C,51
Hounslow 004D,170
Hounslow 004E,69
Hounslow 005A,145
Hounslow 005B,203
Hounslow 005C,144
Hounslow 005D,161
Hounslow 006A,23
Hounslow 006B,78
Hounslow 006C,55
Hounslow 006D,87
Hounslow 006E,107
Hounslow 007A,15
Hounslow 007B,74
Hounslow 007C,17
Hounslow 007D,32
Hounslow 007E,48
Hounslow 007F,9
Hounslow 008A,61
Hounslow 008B,14
Hounslow 008C,29
Hounslow 008D,26
Hounslow 008E,22
Hounslow 009A,57
Hounslow 009B,40
Hounslow 009C,48
Hounslow 009D,40
Hounslow 010A,74
Hounslow 010B,99
Hounslow 010C,69
Hounslow 010D,55
Hounslow 010E,92
Hounslow 011A,75
Hounslow 011B,85
Hounslow 011C,87
Hounslow 011D,59
Hounslow 011E,90
Hounslow 012A,53
Hounslow 012B,85
Hounslow 012C,67
Hounslow 012D,34
Hounslow 012E,17
Hounslow 013A,64
Hounslow 013B,86
Hounslow 013C,102
Hounslow 013D,70
Hounslow 013E,173
Hounslow 014A,75
Hounslow 014B,104
Hounslow 014C,85
Hounslow 014D,67
Hounslow 014E,99
Hounslow 015A,113
Hounslow 015B,134
Hounslow 015C,81
Hounslow 015D,23
Hounslow 015E,47
Hounslow 016A,112
Hounslow 016B,160
Hounslow 016C,73
Hounslow 016D,89
Hounslow 016E,63
Hounslow 017A,82
Hounslow 017B,127
Hounslow 017C,79
Hounslow 017D,79
Hounslow 017E,153
Hounslow 018A,80
Hounslow 018C,119
Hounslow 018D,90
Hounslow 018E,39
Hounslow 018F,43
Hounslow 018G,76
Hounslow 019A,49
Hounslow 019B,55
Hounslow 019C,53
Hounslow 019D,21
Hounslow 019E,26
Hounslow 020A,61
Hounslow 020B,46
Hounslow 020C,58
Hounslow 020D,98
Hounslow 020E,226
Hounslow 021A,127
Hounslow 021B,114
Hounslow 021C,57
Hounslow 021D,84
Hounslow 021E,70
Hounslow 022A,76
Hounslow 022B,78
Hounslow 022C,76
Hounslow 022D,117
Hounslow 022E,94
Hounslow 023A,95
Hounslow 023B,126
Hounslow 023C,165
Hounslow 023D,102
Hounslow 023E,80
Hounslow 024A,72
Hounslow 024B,58
Hounslow 024C,108
Hounslow 024D,73
Hounslow 024E,111
Hounslow 024F,102
Hounslow 025B,80
Hounslow 025C,90
Hounslow 025D,75
Hounslow 025E,99
Hounslow 025F,148
Hounslow 025G,42
Hounslow 026A,115
Hounslow 026B,152
Hounslow 026C,122
Hounslow 026D,107
Hounslow 026E,111
Hounslow 027A,68
Hounslow 027B,92
Hounslow 027C,35
Hounslow 027D,75
Hounslow 027E,74
Hounslow 028A,121
Hounslow 028B,47
Hounslow 028C,99
Hounslow 028D,52
Hounslow 029A,11
Hounslow 029B,11
Hounslow 029C,38
Hounslow 029D,25
Hounslow 029E,9
Kingston upon Thames 001A,15
Kingston upon Thames 001B,18
Kingston upon Thames 001C,10
Kingston upon Thames 001D,48
Kingston upon Thames 001E,6
Kingston upon Thames 002A,5
Kingston upon Thames 002B,17
Kingston upon Thames 002C,25
Kingston upon Thames 002D,23
Kingston upon Thames 002E,6
Kingston upon Thames 003A,27
Kingston upon Thames 003B,23
Kingston upon Thames 003C,6
Kingston upon Thames 003D,20
Kingston upon Thames 003E,107
Kingston upon Thames 004A,59
Kingston upon Thames 004B,8
Kingston upon Thames 004D,10
Kingston upon Thames 004E,12
Kingston upon Thames 004F,34
Kingston upon Thames 004G,30
Kingston upon Thames 005A,47
Kingston upon Thames 005B,222
Kingston upon Thames 005C,49
Kingston upon Thames 005D,55
Kingston upon Thames 005E,68
Kingston upon Thames 006A,73
Kingston upon Thames 006B,17
Kingston upon Thames 006C,53
Kingston upon Thames 006D,65
Kingston upon Thames 006E,87
Kingston upon Thames 007A,9
Kingston upon Thames 007B,29
Kingston upon Thames 007C,34
Kingston upon Thames 007D,29
Kingston upon Thames 007E,39
Kingston upon Thames 008A,20
Kingston upon Thames 008B,25
Kingston upon Thames 008C,38
Kingston upon Thames 008D,13
Kingston upon Thames 008E,27
Kingston upon Thames 009A,26
Kingston upon Thames 009B,9
Kingston upon Thames 009C,34
Kingston upon Thames 009D,11
Kingston upon Thames 009E,8
Kingston upon Thames 010A,21
Kingston upon Thames 010B,17
Kingston upon Thames 010C,34
Kingston upon Thames 010D,29
Kingston upon Thames 011A,24
Kingston upon Thames 011B,20
Kingston upon Thames 011C,18
Kingston upon Thames 011D,7
Kingston upon Thames 012A,50
Kingston upon Thames 012B,86
Kingston upon Thames 012C,14
Kingston upon Thames 012D,37
Kingston upon Thames 012E,24
Kingston upon Thames 013A,50
Kingston upon Thames 013B,14
Kingston upon Thames 013C,22
Kingston upon Thames 013D,9
Kingston upon Thames 013E,15
Kingston upon Thames 014A,26
Kingston upon Thames 014B,14
Kingston upon Thames 014C,17
Kingston upon Thames 014D,12
Kingston upon Thames 014E,13
Kingston upon Thames 015A,30
Kingston upon Thames 015B,17
Kingston upon Thames 015C,24
Kingston upon Thames 015D,18
Kingston upon Thames 015E,22
Kingston upon Thames 016A,7
Kingston upon Thames 016B,16
Kingston upon Thames 016C,11
Kingston upon Thames 016D,58
Kingston upon Thames 016E,49
Kingston upon Thames 017A,57
Kingston upon Thames 017B,54
Kingston upon Thames 017C,70
Kingston upon Thames 017D,64
Kingston upon Thames 017E,49
Kingston upon Thames 018A,47
Kingston upon Thames 018B,31
Kingston upon Thames 018C,28
Kingston upon Thames 018D,58
Kingston upon Thames 018E,42
Kingston upon Thames 019A,42
Kingston upon Thames 019B,40
Kingston upon Thames 019C,19
Kingston upon Thames 019D,43
Kingston upon Thames 020A,43
Kingston upon Thames 020B,47
Kingston upon Thames 020C,65
Kingston upon Thames 020D,38
Kingston upon Thames 020E,72
Merton 001A,..
Merton 001B,15
Merton 001C,..
Merton 001D,73
Merton 001E,18
Merton 002A,6
Merton 002B,10
Merton 002C,7
Merton 002D,..
Merton 003A,19
Merton 003B,5
Merton 003C,13
Merton 003D,38
Merton 003E,25
Merton 004A,15
Merton 004B,5
Merton 004C,7
Merton 004D,15
Merton 004E,..
Merton 005A,44
Merton 005B,24
Merton 005C,46
Merton 005D,17
Merton 005E,15
Merton 006A,37
Merton 006B,7
Merton 006C,8
Merton 006D,16
Merton 006E,79
Merton 007A,81
Merton 007B,67
Merton 007C,26
Merton 007D,43
Merton 007E,49
Merton 008A,44
Merton 008B,82
Merton 008C,40
Merton 008D,96
Merton 008E,72
Merton 009A,17
Merton 009B,22
Merton 009C,11
Merton 009D,8
Merton 009E,22
Merton 010A,8
Merton 010B,5
Merton 010C,21
Merton 010D,22
Merton 010E,16
Merton 011A,22
Merton 011B,18
Merton 011C,15
Merton 011D,9
Merton 011E,13
Merton 012A,126
Merton 012B,93
Merton 012C,111
Merton 012D,42
Merton 012E,70
Merton 013A,125
Merton 013B,83
Merton 013C,91
Merton 013D,50
Merton 013E,113
Merton 014A,122
Merton 014B,137
Merton 014C,100
Merton 014D,115
Merton 014E,133
Merton 015A,33
Merton 015B,8
Merton 015C,7
Merton 015D,21
Merton 015E,15
Merton 016A,44
Merton 016B,11
Merton 016C,56
Merton 016D,55
Merton 016E,17
Merton 017A,71
Merton 017B,65
Merton 017C,109
Merton 017D,58
Merton 017E,85
Merton 018A,88
Merton 018B,123
Merton 018C,148
Merton 018D,106
Merton 018E,146
Merton 019A,69
Merton 019B,119
Merton 019C,115
Merton 019D,153
Merton 019E,74
Merton 020A,7
Merton 020B,31
Merton 020C,29
Merton 020D,45
Merton 020E,39
Merton 021A,15
Merton 021B,32
Merton 021C,29
Merton 021D,21
Merton 021E,40
Merton 022A,113
Merton 022B,58
Merton 022C,64
Merton 022D,89
Merton 022E,104
Merton 023A,60
Merton 023B,77
Merton 023C,72
Merton 023D,124
Merton 023E,84
Merton 024A,85
Merton 024B,80
Merton 024C,110
Merton 024D,66
Merton 024E,98
Merton 025A,49
Merton 025B,36
Merton 025C,48
Merton 025D,38
Merton 025E,24
Redbridge 001A,19
Redbridge 001B,12
Redbridge 001C,24
Redbridge 001D,18
Redbridge 001E,28
Redbridge 001F,47
Redbridge 001G,29
Redbridge 002A,109
Redbridge 002B,116
Redbridge 002C,111
Redbridge 002D,111
Redbridge 003A,64
Redbridge 003B,56
Redbridge 003C,86
Redbridge 003D,83
Redbridge 004A,51
Redbridge 004B,36
Redbridge 004C,101
Redbridge 004D,35
Redbridge 005A,56
Redbridge 005B,52
Redbridge 005C,43
Redbridge 006A,54
Redbridge 006B,37
Redbridge 006C,101
Redbridge 006D,67
Redbridge 006E,57
Redbridge 006F,81
Redbridge 006G,82
Redbridge 007A,35
Redbridge 007B,23
Redbridge 007C,34
Redbridge 007D,22
Redbridge 007E,82
Redbridge 007F,26
Redbridge 007G,43
Redbridge 008A,61
Redbridge 008B,123
Redbridge 008C,38
Redbridge 008D,59
Redbridge 009A,34
Redbridge 009B,95
Redbridge 009C,201
Redbridge 009D,38
Redbridge 009E,57
Redbridge 009F,38
Redbridge 009G,40
Redbridge 010A,86
Redbridge 010B,54
Redbridge 010C,83
Redbridge 010D,62
Redbridge 012A,88
Redbridge 012B,41
Redbridge 012C,44
Redbridge 012D,38
Redbridge 013A,81
Redbridge 013B,81
Redbridge 013C,61
Redbridge 013D,69
Redbridge 014A,11
Redbridge 014B,23
Redbridge 014C,64
Redbridge 014D,21
Redbridge 014E,15
Redbridge 014F,29
Redbridge 014G,35
Redbridge 015A,62
Redbridge 015B,53
Redbridge 015C,47
Redbridge 015D,67
Redbridge 017A,61
Redbridge 017B,87
Redbridge 017C,90
Redbridge 017D,117
Redbridge 018A,21
Redbridge 018B,45
Redbridge 018C,21
Redbridge 018D,24
Redbridge 019A,123
Redbridge 019B,103
Redbridge 019C,84
Redbridge 019D,119
Redbridge 019E,84
Redbridge 019F,162
Redbridge 019H,72
Redbridge 019I,89
Redbridge 020A,100
Redbridge 020B,89
Redbridge 020C,49
Redbridge 020D,123
Redbridge 022A,109
Redbridge 022B,117
Redbridge 022C,123
Redbridge 022D,61
Redbridge 023A,89
Redbridge 023B,138
Redbridge 023C,125
Redbridge 023D,211
Redbridge 024A,99
Redbridge 024B,109
Redbridge 024C,107
Redbridge 024D,87
Redbridge 026A,81
Redbridge 026B,112
Redbridge 026C,79
Redbridge 026D,67
Redbridge 027A,24
Redbridge 027B,23
Redbridge 027C,19
Redbridge 027D,61
Redbridge 029A,146
Redbridge 029B,91
Redbridge 029C,117
Redbridge 029D,119
Redbridge 030A,144
Redbridge 030B,172
Redbridge 030C,121
Redbridge 030D,92
Redbridge 030F,115
Redbridge 030G,88
Redbridge 030H,74
Redbridge 030I,153
Redbridge 031A,70
Redbridge 031B,179
Redbridge 031C,180
Redbridge 031D,120
Redbridge 031E,103
Redbridge 031F,155
Redbridge 031G,120
Redbridge 032A,168
Redbridge 032B,114
Redbridge 032C,136
Redbridge 032D,170
Redbridge 032E,132
Redbridge 033A,116
Redbridge 033B,173
Redbridge 033C,188
Redbridge 033D,129
Redbridge 034A,97
Redbridge 034B,135
Redbridge 034C,142
Redbridge 034D,106
Redbridge 034E,89
Redbridge 034F,131
Redbridge 034G,92
Redbridge 035A,54
Redbridge 035B,77
Redbridge 035C,80
Redbridge 035D,85
Redbridge 035E,78
Redbridge 035F,66
Redbridge 035G,67
Redbridge 035H,60
Redbridge 036A,60
Redbridge 036B,63
Redbridge 036C,35
Redbridge 036D,47
Redbridge 036E,56
Redbridge 036F,34
Redbridge 036G,45
Redbridge 036H,44
Richmond upon Thames 001A,..
Richmond upon Thames 001B,13
Richmond upon Thames 001C,..
Richmond upon Thames 001D,35
Richmond upon Thames 001E,..
Richmond upon Thames 001F,7
Richmond upon Thames 001G,39
Richmond upon Thames 002A,..
Richmond upon Thames 002B,14
Richmond upon Thames 002C,17
Richmond upon Thames 002D,..
Richmond upon Thames 002E,12
Richmond upon Thames 002F,7
Richmond upon Thames 003A,14
Richmond upon Thames 003B,27
Richmond upon Thames 003C,27
Richmond upon Thames 003D,63
Richmond upon Thames 003E,33
Richmond upon Thames 003F,28
Richmond upon Thames 003G,8
Richmond upon Thames 004A,29
Richmond upon Thames 004C,22
Richmond upon Thames 004D,43
Richmond upon Thames 004E,21
Richmond upon Thames 004F,15
Richmond upon Thames 004G,35
Richmond upon Thames 004H,20
Richmond upon Thames 005A,17
Richmond upon Thames 005B,9
Richmond upon Thames 005C,10
Richmond upon Thames 005D,5
Richmond upon Thames 005E,9
Richmond upon Thames 006A,11
Richmond upon Thames 006B,8
Richmond upon Thames 006C,9
Richmond upon Thames 006D,31
Richmond upon Thames 007A,5
Richmond upon Thames 007B,6
Richmond upon Thames 007C,17
Richmond upon Thames 007D,11
Richmond upon Thames 008A,..
Richmond upon Thames 008B,5
Richmond upon Thames 008C,5
Richmond upon Thames 008D,9
Richmond upon Thames 009A,10
Richmond upon Thames 009B,13
Richmond upon Thames 009C,7
Richmond upon Thames 009D,14
Richmond upon Thames 010A,23
Richmond upon Thames 010B,54
Richmond upon Thames 010C,55
Richmond upon Thames 010D,39
Richmond upon Thames 010E,26
Richmond upon Thames 011A,28
Richmond upon Thames 011B,19
Richmond upon Thames 011C,19
Richmond upon Thames 011D,20
Richmond upon Thames 012A,6
Richmond upon Thames 012B,5
Richmond upon Thames 012C,29
Richmond upon Thames 012D,45
Richmond upon Thames 013A,69
Richmond upon Thames 013B,108
Richmond upon Thames 013C,68
Richmond upon Thames 013D,99
Richmond upon Thames 013E,19
Richmond upon Thames 013F,24
Richmond upon Thames 014A,12
Richmond upon Thames 014B,18
Richmond upon Thames 014C,19
Richmond upon Thames 014D,24
Richmond upon Thames 015A,29
Richmond upon Thames 015B,14
Richmond upon Thames 015C,58
Richmond upon Thames 015D,19
Richmond upon Thames 015E,16
Richmond upon Thames 015F,38
Richmond upon Thames 015G,36
Richmond upon Thames 016A,7
Richmond upon Thames 016B,8
Richmond upon Thames 016C,5
Richmond upon Thames 016D,6
Richmond upon Thames 017A,41
Richmond upon Thames 017B,77
Richmond upon Thames 017C,63
Richmond upon Thames 018A,23
Richmond upon Thames 018B,28
Richmond upon Thames 018C,20
Richmond upon Thames 018D,7
Richmond upon Thames 019A,25
Richmond upon Thames 019B,11
Richmond upon Thames 019C,16
Richmond upon Thames 019D,31
Richmond upon Thames 020A,23
Richmond upon Thames 020B,63
Richmond upon Thames 020C,26
Richmond upon Thames 020D,34
Richmond upon Thames 020E,54
Richmond upon Thames 020F,31
Richmond upon Thames 021A,11
Richmond upon Thames 021B,7
Richmond upon Thames 021C,36
Richmond upon Thames 021D,15
Richmond upon Thames 022A,25
Richmond upon Thames 022B,..
Richmond upon Thames 022C,24
Richmond upon Thames 022D,12
Richmond upon Thames 022E,17
Richmond upon Thames 022F,37
Richmond upon Thames 023A,9
Richmond upon Thames 023B,19
Richmond upon Thames 023C,8
Richmond upon Thames 023D,7
Richmond upon Thames 023E,51
Richmond upon Thames 023F,30
Sutton 001A,74
Sutton 001B,72
Sutton 001C,90
Sutton 001D,95
Sutton 001E,119
Sutton 002A,92
Sutton 002B,120
Sutton 002C,80
Sutton 002D,62
Sutton 002E,104
Sutton 003A,36
Sutton 003B,47
Sutton 003C,44
Sutton 003D,32
Sutton 003E,37
Sutton 004A,24
Sutton 004B,29
Sutton 004C,47
Sutton 004D,53
Sutton 004E,54
Sutton 005A,72
Sutton 005B,35
Sutton 005C,47
Sutton 005D,93
Sutton 005E,51
Sutton 006A,16
Sutton 006B,31
Sutton 006C,73
Sutton 006D,92
Sutton 006E,56
Sutton 007A,36
Sutton 007B,84
Sutton 007C,57
Sutton 007D,38
Sutton 008A,16
Sutton 008B,10
Sutton 008C,22
Sutton 008D,37
Sutton 008E,40
Sutton 008F,26
Sutton 009A,47
Sutton 009B,28
Sutton 009C,33
Sutton 009D,22
Sutton 009E,15
Sutton 010A,34
Sutton 010B,59
Sutton 010C,30
Sutton 010D,34
Sutton 010E,33
Sutton 011A,62
Sutton 011B,28
Sutton 011C,61
Sutton 011D,18
Sutton 011E,24
Sutton 011F,45
Sutton 011G,31
Sutton 012A,40
Sutton 012B,94
Sutton 012C,89
Sutton 012D,152
Sutton 012E,41
Sutton 013A,25
Sutton 013B,31
Sutton 013C,64
Sutton 013D,17
Sutton 013E,49
Sutton 014A,23
Sutton 014B,75
Sutton 014C,43
Sutton 014D,41
Sutton 014E,45
Sutton 015A,23
Sutton 015B,18
Sutton 015C,42
Sutton 015D,28
Sutton 015E,14
Sutton 016A,37
Sutton 016B,17
Sutton 016C,15
Sutton 016D,10
Sutton 016E,9
Sutton 017A,15
Sutton 017B,49
Sutton 017C,29
Sutton 017D,65
Sutton 017E,42
Sutton 018A,38
Sutton 018B,35
Sutton 018C,35
Sutton 018D,11
Sutton 018E,22
Sutton 019A,96
Sutton 019B,72
Sutton 019C,124
Sutton 019D,78
Sutton 019E,61
Sutton 020A,30
Sutton 020B,41
Sutton 020C,50
Sutton 020D,14
Sutton 020E,27
Sutton 021A,72
Sutton 021B,24
Sutton 021C,40
Sutton 021D,35
Sutton 021E,30
Sutton 022A,5
Sutton 022B,6
Sutton 022C,45
Sutton 022D,9
Sutton 022E,13
Sutton 024A,15
Sutton 024B,22
Sutton 024C,33
Sutton 024D,35
Sutton 025A,26
Sutton 025B,18
Sutton 025C,5
Sutton 025D,11
Sutton 025E,14
Waltham Forest 001A,95
Waltham Forest 001B,74
Waltham Forest 001C,51
Waltham Forest 001D,86
Waltham Forest 001E,75
Waltham Forest 002A,10
Waltham Forest 002B,21
Waltham Forest 002C,52
Waltham Forest 002D,43
Waltham Forest 002E,58
Waltham Forest 003A,131
Waltham Forest 003B,67
Waltham Forest 003C,29
Waltham Forest 003D,95
Waltham Forest 003E,89
Waltham Forest 004A,95
Waltham Forest 004B,29
Waltham Forest 004C,60
Waltham Forest 004D,50
Waltham Forest 004E,67
Waltham Forest 005A,44
Waltham Forest 005B,98
Waltham Forest 005C,81
Waltham Forest 005D,82
Waltham Forest 005E,84
Waltham Forest 006A,54
Waltham Forest 006B,89
Waltham Forest 006C,141
Waltham Forest 006D,117
Waltham Forest 006E,127
Waltham Forest 007A,43
Waltham Forest 007B,70
Waltham Forest 007C,84
Waltham Forest 007D,56
Waltham Forest 007E,24
Waltham Forest 007F,52
Waltham Forest 008A,61
Waltham Forest 008B,139
Waltham Forest 008C,148
Waltham Forest 008D,79
Waltham Forest 008E,146
Waltham Forest 009A,164
Waltham Forest 009B,218
Waltham Forest 009C,101
Waltham Forest 009D,129
Waltham Forest 009E,174
Waltham Forest 010A,117
Waltham Forest 010B,156
Waltham Forest 010C,73
Waltham Forest 010D,73
Waltham Forest 011A,140
Waltham Forest 011B,117
Waltham Forest 011C,80
Waltham Forest 011D,74
Waltham Forest 011E,72
Waltham Forest 012A,90
Waltham Forest 012B,89
Waltham Forest 012C,152
Waltham Forest 012D,214
Waltham Forest 012E,77
Waltham Forest 013A,147
Waltham Forest 013B,108
Waltham Forest 013C,123
Waltham Forest 013D,115
Waltham Forest 013E,85
Waltham Forest 013F,106
Waltham Forest 014A,133
Waltham Forest 014B,102
Waltham Forest 014C,124
Waltham Forest 014D,193
Waltham Forest 014E,62
Waltham Forest 015A,66
Waltham Forest 015B,60
Waltham Forest 015C,22
Waltham Forest 015D,162
Waltham Forest 015E,43
Waltham Forest 016A,85
Waltham Forest 016B,56
Waltham Forest 016C,93
Waltham Forest 016D,96
Waltham Forest 016E,113
Waltham Forest 016F,71
Waltham Forest 017A,130
Waltham Forest 017B,118
Waltham Forest 017C,114
Waltham Forest 017D,167
Waltham Forest 017E,127
Waltham Forest 018A,73
Waltham Forest 018B,186
Waltham Forest 018C,94
Waltham Forest 018D,92
Waltham Forest 018E,179
Waltham Forest 019A,74
Waltham Forest 019B,157
Waltham Forest 019C,67
Waltham Forest 019D,95
Waltham Forest 019E,70
Waltham Forest 020A,171
Waltham Forest 020B,89
Waltham Forest 020C,134
Waltham Forest 020D,123
Waltham Forest 020G,310
Waltham Forest 021A,37
Waltham Forest 021B,83
Waltham Forest 021C,90
Waltham Forest 021D,83
Waltham Forest 021E,30
Waltham Forest 022A,103
Waltham Forest 022B,151
Waltham Forest 022C,119
Waltham Forest 022D,107
Waltham Forest 022E,70
Waltham Forest 023A,74
Waltham Forest 023B,76
Waltham Forest 023C,58
Waltham Forest 023D,65
Waltham Forest 023E,109
Waltham Forest 024A,108
Waltham Forest 024B,127
Waltham Forest 024C,35
Waltham Forest 024D,71
Waltham Forest 024E,38
Waltham Forest 025A,51
Waltham Forest 025B,105
Waltham Forest 025C,75
Waltham Forest 025D,76
Waltham Forest 025E,64
Waltham Forest 026A,46
Waltham Forest 026B,227
Waltham Forest 026C,112
Waltham Forest 026D,70
Waltham Forest 026E,119
Waltham Forest 027A,138
Waltham Forest 027B,116
Waltham Forest 027C,92
Waltham Forest 027D,73
Waltham Forest 027E,160
Waltham Forest 027F,106
Waltham Forest 028A,75
Waltham Forest 028B,66
Waltham Forest 028C,80
Waltham Forest 028D,53
Waltham Forest 028E,90
Waltham Forest 028F,115
Total,319168
